time_s,altitude_ft,temperature,voltage
0,22,76.7F,7.9
0.05,33,76.7F,7.9
0.1,33,76.7F,7.9
0.15,35,76.7F,7.9
0.2,27,76.7F,7.9
0.25,29,76.7F,7.9
0.3,18,76.7F,7.9
0.35,12,76.7F,7.9
0.4,13,76.7F,7.9
0.45,4,76.7F,7.9
0.5,-15,76.7F,7.9
0.55,-37,76.7F,7.9
0.6,-45,76.7F,7.9
0.65,-54,76.7F,7.9
0.7,-51,76.7F,7.9
0.75,-62,76.7F,7.9
0.8,-85,76.7F,7.9
0.85,-115,76.6F,7.9
0.9,-148,76.6F,7.9
0.95,-156,76.6F,7.9
1,-155,76.6F,7.9
1.05,-143,76.6F,7.9
1.1,-135,76.6F,7.9
1.15,-76,76.6F,7.9
1.2,-63,76.6F,7.9
1.25,-20,76.6F,7.9
1.3,56,76.6F,7.9
1.35,127,76.6F,7.9
1.4,194,76.6F,7.9
1.45,253,76.6F,7.9
1.5,328,76.6F,7.9
1.55,373,76.6F,7.9
1.6,426,76.6F,7.9
1.65,491,76.7F,7.9
1.7,560,76.7F,7.9
1.75,617,76.7F,7.9
1.8,662,76.7F,7.9
1.85,725,76.7F,7.9
1.9,785,76.7F,7.9
1.95,836,76.7F,7.9
2,893,76.7F,7.9
2.05,937,76.7F,7.9
2.1,1001,76.7F,7.9
2.15,1059,76.7F,7.9
2.2,1116,76.7F,7.9
2.25,1172,76.7F,7.9
2.3,1216,76.7F,7.9
2.35,1270,76.7F,7.9
2.4,1327,76.7F,7.9
2.45,1377,76.7F,7.9
2.5,1431,76.7F,7.9
2.55,1484,76.7F,7.9
2.6,1532,76.7F,7.9
2.65,1588,76.7F,7.9
2.7,1637,76.7F,7.9
2.75,1685,76.7F,7.9
2.8,1743,76.7F,7.9
2.85,1786,76.7F,7.9
2.9,1835,76.7F,7.9
2.95,1883,76.7F,7.9
3,1937,76.7F,7.9
3.05,1982,76.7F,7.9
3.1,2032,76.7F,7.9
3.15,2081,76.7F,7.9
3.2,2127,76.7F,7.9
3.25,2173,76.7F,7.9
3.3,2223,76.7F,7.9
3.35,2270,76.7F,7.9
3.4,2311,76.7F,7.9
3.45,2364,76.7F,7.9
3.5,2406,76.7F,7.9
3.55,2457,76.7F,7.9
3.6,2503,76.7F,7.9
3.65,2539,76.7F,7.9
3.7,2591,76.7F,7.9
3.75,2640,76.7F,7.9
3.8,2677,76.7F,7.9
3.85,2733,76.7F,7.9
3.9,2769,76.7F,7.9
3.95,2811,76.7F,7.9
4,2852,76.7F,7.9
4.05,2904,76.7F,7.9
4.1,2949,76.7F,7.9
4.15,2993,76.7F,7.9
4.2,3032,76.7F,7.9
4.25,3071,76.7F,7.9
4.3,3112,76.7F,7.9
4.35,3159,76.7F,7.9
4.4,3202,76.7F,7.9
4.45,3243,76.7F,7.9
4.5,3293,76.7F,7.9
4.55,3327,76.7F,7.9
4.6,3361,76.7F,7.9
4.65,3401,76.6F,7.9
4.7,3440,76.6F,7.9
4.75,3478,76.6F,7.9
4.8,3520,76.6F,7.9
4.85,3566,76.6F,7.9
4.9,3603,76.6F,7.9
4.95,3642,76.6F,7.9
5,3679,76.6F,7.9
5.05,3718,76.6F,7.9
5.1,3603,76.6F,7.9
5.15,3413,76.6F,7.9
5.2,3305,76.6F,7.9
5.25,3227,76.6F,7.9
5.3,3250,76.6F,7.9
5.35,3282,76.6F,7.9
5.4,3327,76.6F,7.9
5.45,3380,76.6F,7.9
5.5,3426,76.6F,7.9
5.55,3465,76.6F,7.9
5.6,3508,76.6F,7.9
5.65,3555,76.6F,7.9
5.7,3589,76.6F,7.9
5.75,3649,76.6F,7.9
5.8,3686,76.6F,7.9
5.85,3737,76.6F,7.9
5.9,3771,76.6F,7.9
5.95,3812,76.6F,7.9
6,3852,76.6F,7.9
6.05,3896,76.6F,7.9
6.1,3942,76.6F,7.9
6.15,3986,76.6F,7.9
6.2,4022,76.6F,7.9
6.25,4069,76.6F,7.9
6.3,4094,76.6F,7.9
6.35,4133,76.6F,7.9
6.4,4173,76.6F,7.9
6.45,4206,76.6F,7.9
6.5,4256,76.6F,7.9
6.55,4310,76.6F,7.9
6.6,4348,76.6F,7.9
6.65,4379,76.6F,7.9
6.7,4413,76.6F,7.9
6.75,4449,76.6F,7.9
6.8,4473,76.6F,7.9
6.85,4508,76.6F,7.9
6.9,4547,76.6F,7.9
6.95,4597,76.6F,7.9
7,4636,76.6F,7.9
7.05,4667,76.6F,7.9
7.1,4700,76.6F,7.9
7.15,4740,76.6F,7.9
7.2,4768,76.6F,7.9
7.25,4803,76.6F,7.9
7.3,4846,76.6F,7.9
7.35,4880,76.6F,7.9
7.4,4913,76.6F,7.9
7.45,4951,76.6F,7.9
7.5,4986,76.6F,7.9
7.55,5013,76.6F,7.9
7.6,5032,76.6F,7.9
7.65,5075,76.6F,7.9
7.7,5108,76.5F,7.9
7.75,5145,76.5F,7.9
7.8,5175,76.5F,7.9
7.85,5218,76.6F,7.9
7.9,5253,76.5F,7.9
7.95,5285,76.5F,7.9
8,5320,76.5F,7.9
8.05,5344,76.5F,7.9
8.1,5378,76.5F,7.9
8.15,5403,76.5F,7.9
8.2,5445,76.5F,7.9
8.25,5476,76.5F,7.9
8.3,5500,76.5F,7.9
8.35,5537,76.5F,7.9
8.4,5557,76.5F,7.9
8.45,5595,76.5F,7.9
8.5,5629,76.5F,7.9
8.55,5656,76.5F,7.9
8.6,5672,76.5F,7.9
8.65,5707,76.5F,7.9
8.7,5738,76.5F,7.9
8.75,5765,76.5F,7.9
8.8,5799,76.5F,7.9
8.85,5827,76.5F,7.9
8.9,5859,76.5F,7.9
8.95,5891,76.5F,7.9
9,5915,76.5F,7.9
9.05,5943,76.4F,7.9
9.1,5970,76.4F,7.9
9.15,6001,76.4F,7.9
9.2,6028,76.4F,7.9
9.25,6057,76.4F,7.9
9.3,6080,76.4F,7.9
9.35,6110,76.4F,7.9
9.4,6133,76.4F,7.9
9.45,6161,76.4F,7.9
9.5,6183,76.4F,7.9
9.55,6220,76.4F,7.9
9.6,6246,76.4F,7.9
9.65,6271,76.4F,7.9
9.7,6300,76.4F,7.9
9.75,6324,76.4F,7.9
9.8,6349,76.4F,7.9
9.85,6375,76.4F,7.9
9.9,6401,76.4F,7.9
9.95,6429,76.4F,7.9
10,6452,76.4F,7.9
10.05,6477,76.4F,7.9
10.1,6505,76.4F,7.9
10.15,6528,76.4F,7.9
10.2,6554,76.4F,7.9
10.25,6582,76.4F,7.9
10.3,6602,76.4F,7.9
10.35,6629,76.4F,7.9
10.4,6651,76.4F,7.9
10.45,6672,76.4F,7.9
10.5,6695,76.4F,7.9
10.55,6724,76.4F,7.9
10.6,6748,76.3F,7.9
10.65,6770,76.3F,7.9
10.7,6795,76.3F,7.9
10.75,6816,76.3F,7.9
10.8,6836,76.3F,7.9
10.85,6859,76.3F,7.9
10.9,6885,76.3F,7.9
10.95,6905,76.3F,7.9
11,6926,76.3F,7.9
11.05,6955,76.3F,7.9
11.1,6972,76.3F,7.9
11.15,6997,76.3F,7.9
11.2,7021,76.3F,7.9
11.25,7043,76.3F,7.9
11.3,7067,76.3F,7.9
11.35,7091,76.2F,7.9
11.4,7107,76.3F,7.9
11.45,7125,76.2F,7.9
11.5,7150,76.2F,7.9
11.55,7173,76.2F,7.9
11.6,7192,76.2F,7.9
11.65,7211,76.2F,7.9
11.7,7232,76.2F,7.9
11.75,7252,76.2F,7.9
11.8,7273,76.2F,7.9
11.85,7293,76.2F,7.9
11.9,7314,76.2F,7.9
11.95,7336,76.2F,7.9
12,7356,76.2F,7.9
12.05,7379,76.2F,7.9
12.1,7399,76.2F,7.9
12.15,7418,76.2F,7.9
12.2,7436,76.2F,7.9
12.25,7453,76.2F,7.9
12.3,7477,76.2F,7.9
12.35,7494,76.2F,7.9
12.4,7511,76.2F,7.9
12.45,7530,76.2F,7.9
12.5,7549,76.2F,7.9
12.55,7571,76.2F,7.9
12.6,7594,76.2F,7.9
12.65,7609,76.2F,7.9
12.7,7627,76.2F,7.9
12.75,7644,76.1F,7.9
12.8,7663,76.1F,7.9
12.85,7679,76.1F,7.9
12.9,7695,76.1F,7.9
12.95,7712,76.1F,7.9
13,7734,76.1F,7.9
13.05,7746,76.1F,7.9
13.1,7764,76.1F,7.9
13.15,7782,76.1F,7.9
13.2,7801,76.1F,7.9
13.25,7817,76.1F,7.9
13.3,7836,76.1F,7.9
13.35,7852,76.1F,7.9
13.4,7870,76.1F,7.9
13.45,7887,76.1F,7.9
13.5,7905,76.1F,7.9
13.55,7924,76.1F,7.9
13.6,7938,76.1F,7.9
13.65,7958,76.1F,7.9
13.7,7975,76.1F,7.9
13.75,7985,76.1F,7.9
13.8,7999,76.1F,7.9
13.85,8020,76.1F,7.9
13.9,8034,76.1F,7.9
13.95,8047,76.1F,7.9
14,8063,76.0F,7.9
14.05,8077,76.1F,7.9
14.1,8092,76.0F,7.9
14.15,8106,76.0F,7.9
14.2,8118,76.0F,7.9
14.25,8134,76.0F,7.9
14.3,8148,76.0F,7.9
14.35,8164,76.0F,7.9
14.4,8179,76.0F,7.9
14.45,8193,76.0F,7.9
14.5,8210,76.0F,7.9
14.55,8226,76.0F,7.9
14.6,8240,76.0F,7.9
14.65,8253,76.0F,7.9
14.7,8268,76.0F,7.9
14.75,8284,76.0F,7.9
14.8,8297,76.0F,7.9
14.85,8311,76.0F,7.9
14.9,8325,76.0F,7.9
14.95,8337,76.0F,7.9
15,8352,76.0F,7.9
15.05,8362,76.0F,7.9
15.1,8376,76.0F,7.9
15.15,8388,76.0F,7.9
15.2,8400,76.0F,7.9
15.25,8412,76.0F,7.9
15.3,8424,76.0F,7.9
15.35,8440,76.0F,7.9
15.4,8449,76.0F,7.9
15.45,8463,76.0F,7.9
15.5,8472,76.0F,7.9
15.55,8486,75.9F,7.9
15.6,8501,75.9F,7.9
15.65,8511,75.9F,7.9
15.7,8523,75.9F,7.9
15.75,8536,75.9F,7.9
15.8,8548,75.9F,7.9
15.85,8559,75.9F,7.9
15.9,8571,75.9F,7.9
15.95,8584,75.9F,7.9
16,8592,75.9F,7.9
16.05,8606,75.9F,7.9
16.1,8614,75.9F,7.9
16.15,8627,75.9F,7.9
16.2,8635,75.9F,7.9
16.25,8648,75.9F,7.9
16.3,8658,75.9F,7.9
16.35,8668,75.9F,7.9
16.4,8679,75.9F,7.9
16.45,8688,75.9F,7.9
16.5,8697,75.9F,7.9
16.55,8708,75.9F,7.9
16.6,8717,75.9F,7.9
16.65,8728,75.9F,7.9
16.7,8737,75.9F,7.9
16.75,8746,75.9F,7.9
16.8,8756,75.9F,7.9
16.85,8768,75.9F,7.9
16.9,8778,75.9F,7.9
16.95,8787,75.9F,7.9
17,8795,75.9F,7.9
17.05,8806,75.9F,7.9
17.1,8815,75.9F,7.9
17.15,8822,75.9F,7.9
17.2,8831,75.9F,7.9
17.25,8840,75.9F,7.9
17.3,8850,75.9F,7.9
17.35,8858,75.8F,7.9
17.4,8866,75.9F,7.9
17.45,8875,75.9F,7.9
17.5,8886,75.9F,7.9
17.55,8892,75.9F,7.9
17.6,8898,75.9F,7.9
17.65,8909,75.8F,7.9
17.7,8914,75.9F,7.9
17.75,8927,75.8F,7.9
17.8,8934,75.8F,7.9
17.85,8941,75.8F,7.9
17.9,8948,75.8F,7.9
17.95,8956,75.8F,7.9
18,8963,75.8F,7.9
18.05,8970,75.8F,7.9
18.1,8979,75.8F,7.9
18.15,8985,75.8F,7.9
18.2,8993,75.8F,7.9
18.25,8998,75.8F,7.9
18.3,9006,75.8F,7.9
18.35,9012,75.8F,7.9
18.4,9019,75.8F,7.9
18.45,9026,75.8F,7.9
18.5,9031,75.8F,7.9
18.55,9039,75.8F,7.9
18.6,9046,75.8F,7.9
18.65,9051,75.8F,7.9
18.7,9057,75.8F,7.9
18.75,9065,75.8F,7.9
18.8,9069,75.8F,7.9
18.85,9076,75.8F,7.9
18.9,9083,75.8F,7.9
18.95,9089,75.8F,7.9
19,9094,75.8F,7.9
19.05,9098,75.8F,7.9
19.1,9104,75.8F,7.9
19.15,9109,75.8F,7.9
19.2,9115,75.8F,7.9
19.25,9121,75.8F,7.9
19.3,9126,75.8F,7.9
19.35,9132,75.8F,7.9
19.4,9135,75.8F,7.9
19.45,9140,75.8F,7.9
19.5,9144,75.8F,7.9
19.55,9150,75.8F,7.9
19.6,9154,75.8F,7.9
19.65,9160,75.8F,7.9
19.7,9166,75.8F,7.9
19.75,9170,75.8F,7.9
19.8,9173,75.8F,7.9
19.85,9179,75.8F,7.9
19.9,9184,75.8F,7.9
19.95,9187,75.8F,7.9
20,9190,75.8F,7.9
20.05,9197,75.8F,7.9
20.1,9199,75.8F,7.9
20.15,9202,75.8F,7.9
20.2,9208,75.8F,7.9
20.25,9211,75.8F,7.9
20.3,9214,75.8F,7.9
20.35,9215,75.8F,7.9
20.4,9221,75.8F,7.9
20.45,9222,75.8F,7.9
20.5,9226,75.8F,7.9
20.55,9229,75.8F,7.9
20.6,9233,75.8F,7.9
20.65,9236,75.8F,7.9
20.7,9238,75.8F,7.9
20.75,9242,75.8F,7.9
20.8,9242,75.8F,7.9
20.85,9246,75.8F,7.9
20.9,9249,75.8F,7.9
20.95,9252,75.8F,7.9
21,9254,75.8F,7.9
21.05,9256,75.8F,7.9
21.1,9258,75.8F,7.9
21.15,9261,75.8F,7.9
21.2,9263,75.8F,7.9
21.25,9264,75.8F,7.9
21.3,9266,75.8F,7.9
21.35,9270,75.8F,7.9
21.4,9271,75.8F,7.9
21.45,9273,75.8F,7.9
21.5,9274,75.8F,7.9
21.55,9276,75.8F,7.9
21.6,9277,75.8F,7.9
21.65,9279,75.8F,7.9
21.7,9279,75.8F,7.9
21.75,9280,75.8F,7.9
21.8,9283,75.8F,7.9
21.85,9283,75.8F,7.9
21.9,9283,75.8F,7.9
21.95,9286,75.8F,7.9
22,9287,75.8F,7.9
22.05,9288,75.8F,7.9
22.1,9288,75.8F,7.9
22.15,9291,75.8F,7.9
22.2,9291,75.8F,7.9
22.25,9290,75.8F,7.9
22.3,9290,75.8F,7.9
22.35,9284,75.8F,7.9
22.4,9304,75.8F,7.9
22.45,9292,75.8F,7.9
22.5,9296,75.8F,7.9
22.55,9295,75.8F,7.9
22.6,9296,75.8F,7.9
22.65,9294,75.8F,7.9
22.7,9296,75.8F,7.9
22.75,9294,75.8F,7.9
22.8,9295,75.8F,7.9
22.85,9291,75.8F,7.9
22.9,9293,75.8F,7.9
22.95,9292,75.8F,7.9
23,9292,75.8F,7.9
23.05,9293,75.8F,7.9
23.1,9292,75.8F,7.9
23.15,9290,75.8F,7.9
23.2,9291,75.7F,7.9
23.25,9292,75.8F,7.9
23.3,9295,75.8F,7.9
23.35,9293,75.8F,7.9
23.4,9288,75.8F,7.9
23.45,9288,75.8F,7.9
23.5,9286,75.8F,7.9
23.55,9283,75.8F,7.9
23.6,9281,75.8F,7.9
23.65,9280,75.8F,7.9
23.7,9279,75.8F,7.9
23.75,9278,75.8F,7.9
23.8,9278,75.8F,7.9
23.85,9277,75.8F,7.9
23.9,9277,75.8F,7.9
23.95,9275,75.8F,7.9
24,9273,75.8F,7.9
24.05,9269,75.8F,7.9
24.1,9265,75.8F,7.9
24.15,9256,75.8F,7.9
24.2,9257,75.8F,7.9
24.25,9253,75.7F,7.9
24.3,9252,75.8F,7.9
24.35,9251,75.8F,7.9
24.4,9247,75.8F,7.9
24.45,9243,75.7F,7.9
24.5,9237,75.8F,7.9
24.55,9233,75.8F,7.9
24.6,9233,75.8F,7.9
24.65,9239,75.8F,7.9
24.7,9241,75.8F,7.9
24.75,9240,75.8F,7.9
24.8,9238,75.8F,7.9
24.85,9236,75.7F,7.9
24.9,9232,75.8F,7.9
24.95,9232,75.7F,7.9
25,9229,75.8F,7.9
25.05,9228,75.7F,7.9
25.1,9225,75.8F,7.9
25.15,9226,75.8F,7.9
25.2,9222,75.7F,7.9
25.25,9217,75.8F,7.9
25.3,9211,75.7F,7.9
25.35,9206,75.8F,7.9
25.4,9199,75.8F,7.9
25.45,9197,75.7F,7.9
25.5,9189,75.8F,7.9
25.55,9184,75.7F,7.9
25.6,9179,75.7F,7.9
25.65,9176,75.8F,7.9
25.7,9175,75.8F,7.9
25.75,9173,75.7F,7.9
25.8,9173,75.7F,7.9
25.85,9168,75.7F,7.9
25.9,9172,75.7F,7.9
25.95,9171,75.7F,7.9
26,9169,75.8F,7.9
26.05,9173,75.7F,7.9
26.1,9181,75.7F,7.9
26.15,9181,75.8F,7.9
26.2,9172,75.7F,7.9
26.25,9164,75.7F,7.9
26.3,9160,75.7F,7.9
26.35,9158,75.7F,7.9
26.4,9154,75.7F,7.9
26.45,9145,75.7F,7.9
26.5,9140,75.7F,7.9
26.55,9148,75.7F,7.9
26.6,9145,75.7F,7.9
26.65,9138,75.7F,7.9
26.7,9134,75.7F,7.9
26.75,9132,75.7F,7.9
26.8,9134,75.7F,7.9
26.85,9138,75.7F,7.9
26.9,9133,75.7F,7.9
26.95,9119,75.7F,7.9
27,9118,75.7F,7.9
27.05,9122,75.7F,7.9
27.1,9115,75.7F,7.9
27.15,9119,75.7F,7.9
27.2,9111,75.7F,7.9
27.25,9101,75.7F,7.9
27.3,9085,75.7F,7.9
27.35,9093,75.7F,7.9
27.4,9097,75.7F,7.9
27.45,9092,75.7F,7.9
27.5,9099,75.7F,7.9
27.55,9086,75.7F,7.9
27.6,9086,75.7F,7.9
27.65,9065,75.7F,7.9
27.7,9063,75.7F,7.9
27.75,9062,75.7F,7.9
27.8,9058,75.7F,7.9
27.85,9065,75.7F,7.9
27.9,9058,75.7F,7.9
27.95,9070,75.7F,7.9
28,9050,75.7F,7.9
28.05,9039,75.7F,7.9
28.1,9032,75.7F,7.9
28.15,9020,75.7F,7.9
28.2,9032,75.7F,7.9
28.25,9033,75.7F,7.9
28.3,9045,75.7F,7.9
28.35,9040,75.7F,7.9
28.4,9041,75.7F,7.9
28.45,9027,75.7F,7.9
28.5,9006,75.7F,7.9
28.55,9000,75.7F,7.9
28.6,8997,75.7F,7.9
28.65,8995,75.7F,7.9
28.7,8978,75.7F,7.9
28.75,8988,75.7F,7.9
28.8,8992,75.6F,7.9
28.85,8988,75.7F,7.9
28.9,8978,75.7F,7.9
28.95,8977,75.6F,7.9
29,8978,75.6F,7.9
29.05,8980,75.6F,7.9
29.1,8982,75.6F,7.9
29.15,8980,75.6F,7.9
29.2,8967,75.6F,7.9
29.25,8960,75.6F,7.9
29.3,8951,75.7F,7.9
29.35,8950,75.6F,7.9
29.4,8939,75.6F,7.9
29.45,8933,75.6F,7.9
29.5,8930,75.6F,7.9
29.55,8929,75.6F,7.9
29.6,8928,75.6F,7.9
29.65,8921,75.6F,7.9
29.7,8919,75.6F,7.9
29.75,8916,75.6F,7.9
29.8,8919,75.6F,7.9
29.85,8913,75.6F,7.9
29.9,8908,75.6F,7.9
29.95,8902,75.6F,7.9
30,8898,75.6F,7.9
30.05,8897,75.6F,7.9
30.1,8891,75.6F,7.9
30.15,8885,75.6F,7.9
30.2,8876,75.6F,7.9
30.25,8874,75.6F,7.9
30.3,8887,75.6F,7.9
30.35,8886,75.6F,7.9
30.4,8879,75.6F,7.9
30.45,8874,75.6F,7.9
30.5,8853,75.6F,7.9
30.55,8843,75.6F,7.9
30.6,8840,75.6F,7.9
30.65,8837,75.6F,7.9
30.7,8840,75.6F,7.9
30.75,8839,75.6F,7.9
30.8,8837,75.6F,7.9
30.85,8854,75.6F,7.9
30.9,8845,75.6F,7.9
30.95,8836,75.6F,7.9
31,8843,75.6F,7.9
31.05,8832,75.6F,7.9
31.1,8824,75.6F,7.9
31.15,8821,75.6F,7.9
31.2,8825,75.6F,7.9
31.25,8821,75.6F,7.9
31.3,8804,75.6F,7.9
31.35,8796,75.6F,7.9
31.4,8801,75.6F,7.9
31.45,8799,75.6F,7.9
31.5,8798,75.6F,7.9
31.55,8798,75.6F,7.9
31.6,8801,75.6F,7.9
31.65,8792,75.6F,7.9
31.7,8783,75.6F,7.9
31.75,8793,75.6F,7.9
31.8,8790,75.6F,7.9
31.85,8786,75.6F,7.9
31.9,8773,75.6F,7.9
31.95,8775,75.6F,7.9
32,8764,75.6F,7.9
32.05,8753,75.6F,7.9
32.1,8751,75.6F,7.9
32.15,8741,75.6F,7.9
32.2,8754,75.6F,7.9
32.25,8764,75.6F,7.9
32.3,8752,75.6F,7.9
32.35,8753,75.6F,7.9
32.4,8742,75.6F,7.9
32.45,8749,75.6F,7.9
32.5,8737,75.6F,7.9
32.55,8727,75.6F,7.9
32.6,8729,75.6F,7.9
32.65,8726,75.6F,7.9
32.7,8725,75.6F,7.9
32.75,8714,75.6F,7.9
32.8,8719,75.6F,7.9
32.85,8717,75.6F,7.9
32.9,8711,75.6F,7.9
32.95,8701,75.6F,7.9
33,8709,75.5F,7.9
33.05,8709,75.5F,7.9
33.1,8711,75.5F,7.9
33.15,8699,75.6F,7.9
33.2,8691,75.5F,7.9
33.25,8682,75.5F,7.9
33.3,8684,75.5F,7.9
33.35,8687,75.5F,7.9
33.4,8691,75.5F,7.9
33.45,8686,75.5F,7.9
33.5,8673,75.5F,7.9
33.55,8681,75.5F,7.9
33.6,8678,75.5F,7.9
33.65,8668,75.5F,7.9
33.7,8653,75.5F,7.9
33.75,8647,75.5F,7.9
33.8,8654,75.5F,7.9
33.85,8649,75.5F,7.9
33.9,8649,75.5F,7.9
33.95,8644,75.5F,7.9
34,8646,75.5F,7.9
34.05,8643,75.5F,7.9
34.1,8637,75.5F,7.9
34.15,8617,75.5F,7.9
34.2,8618,75.5F,7.9
34.25,8619,75.5F,7.9
34.3,8603,75.5F,7.9
34.35,8612,75.5F,7.9
34.4,8614,75.5F,7.9
34.45,8614,75.5F,7.9
34.5,8608,75.5F,7.9
34.55,8603,75.5F,7.9
34.6,8594,75.5F,7.9
34.65,8588,75.5F,7.9
34.7,8588,75.5F,7.9
34.75,8582,75.5F,7.9
34.8,8585,75.5F,7.9
34.85,8592,75.5F,7.9
34.9,8581,75.5F,7.9
34.95,8558,75.5F,7.9
35,8561,75.5F,7.9
35.05,8567,75.5F,7.9
35.1,8560,75.5F,7.9
35.15,8571,75.5F,7.9
35.2,8578,75.5F,7.9
35.25,8561,75.5F,7.9
35.3,8555,75.5F,7.9
35.35,8542,75.5F,7.9
35.4,8538,75.5F,7.9
35.45,8537,75.5F,7.9
35.5,8532,75.5F,7.9
35.55,8533,75.5F,7.9
35.6,8533,75.5F,7.9
35.65,8530,75.5F,7.9
35.7,8526,75.5F,7.9
35.75,8519,75.5F,7.9
35.8,8516,75.5F,7.9
35.85,8509,75.5F,7.9
35.9,8494,75.5F,7.9
35.95,8486,75.5F,7.9
36,8472,75.5F,7.9
36.05,8472,75.5F,7.9
36.1,8478,75.5F,7.9
36.15,8468,75.5F,7.9
36.2,8466,75.5F,7.9
36.25,8464,75.5F,7.9
36.3,8460,75.5F,7.9
36.35,8471,75.5F,7.9
36.4,8445,75.5F,7.9
36.45,8451,75.5F,7.9
36.5,8444,75.5F,7.9
36.55,8444,75.5F,7.9
36.6,8441,75.5F,7.9
36.65,8441,75.5F,7.9
36.7,8437,75.5F,7.9
36.75,8441,75.5F,7.9
36.8,8432,75.5F,7.9
36.85,8427,75.5F,7.9
36.9,8430,75.5F,7.9
36.95,8428,75.5F,7.9
37,8422,75.5F,7.9
37.05,8413,75.5F,7.9
37.1,8410,75.5F,7.9
37.15,8406,75.5F,7.9
37.2,8402,75.5F,7.9
37.25,8403,75.5F,7.9
37.3,8390,75.4F,7.9
37.35,8389,75.5F,7.9
37.4,8389,75.5F,7.9
37.45,8405,75.4F,7.9
37.5,8394,75.5F,7.9
37.55,8382,75.5F,7.9
37.6,8382,75.5F,7.9
37.65,8372,75.5F,7.9
37.7,8371,75.5F,7.9
37.75,8365,75.5F,7.9
37.8,8364,75.4F,7.9
37.85,8366,75.4F,7.9
37.9,8366,75.4F,7.9
37.95,8361,75.4F,7.9
38,8360,75.4F,7.9
38.05,8353,75.4F,7.9
38.1,8347,75.4F,7.9
38.15,8341,75.4F,7.9
38.2,8342,75.4F,7.9
38.25,8348,75.4F,7.9
38.3,8352,75.4F,7.9
38.35,8351,75.4F,7.9
38.4,8347,75.4F,7.9
38.45,8345,75.4F,7.9
38.5,8341,75.4F,7.9
38.55,8329,75.4F,7.9
38.6,8329,75.4F,7.9
38.65,8319,75.4F,7.9
38.7,8322,75.4F,7.9
38.75,8318,75.4F,7.9
38.8,8305,75.4F,7.9
38.85,8295,75.4F,7.9
38.9,8299,75.4F,7.9
38.95,8292,75.4F,7.9
39,8284,75.4F,7.9
39.05,8282,75.4F,7.9
39.1,8288,75.4F,7.9
39.15,8279,75.4F,7.9
39.2,8301,75.4F,7.9
39.25,8286,75.4F,7.9
39.3,8271,75.4F,7.9
39.35,8272,75.3F,7.9
39.4,8266,75.4F,7.9
39.45,8265,75.4F,7.9
39.5,8260,75.3F,7.9
39.55,8250,75.3F,7.9
39.6,8243,75.4F,7.9
39.65,8243,75.3F,7.9
39.7,8245,75.4F,7.9
39.75,8244,75.3F,7.9
39.8,8229,75.3F,7.9
39.85,8226,75.4F,7.9
39.9,8226,75.4F,7.9
39.95,8228,75.3F,7.9
40,8220,75.3F,7.9
40.05,8211,75.4F,7.9
40.1,8211,75.4F,7.9
40.15,8210,75.3F,7.9
40.2,8201,75.3F,7.9
40.25,8190,75.3F,7.9
40.3,8184,75.3F,7.9
40.35,8191,75.3F,7.9
40.4,8189,75.3F,7.9
40.45,8191,75.4F,7.9
40.5,8190,75.3F,7.9
40.55,8186,75.3F,7.9
40.6,8182,75.4F,7.9
40.65,8175,75.3F,7.9
40.7,8165,75.3F,7.9
40.75,8162,75.3F,7.9
40.8,8161,75.3F,7.9
40.85,8157,75.3F,7.9
40.9,8156,75.3F,7.9
40.95,8150,75.3F,7.9
41,8155,75.3F,7.9
41.05,8161,75.3F,7.9
41.1,8162,75.3F,7.9
41.15,8149,75.3F,7.9
41.2,8136,75.3F,7.9
41.25,8135,75.3F,7.9
41.3,8126,75.3F,7.9
41.35,8123,75.3F,7.9
41.4,8119,75.3F,7.9
41.45,8111,75.3F,7.9
41.5,8099,75.3F,7.9
41.55,8098,75.3F,7.9
41.6,8090,75.3F,7.9
41.65,8098,75.3F,7.9
41.7,8095,75.3F,7.9
41.75,8094,75.3F,7.9
41.8,8090,75.3F,7.9
41.85,8080,75.3F,7.9
41.9,8083,75.3F,7.9
41.95,8087,75.3F,7.9
42,8081,75.3F,7.9
42.05,8080,75.3F,7.9
42.1,8076,75.3F,7.9
42.15,8069,75.3F,7.9
42.2,8061,75.3F,7.9
42.25,8059,75.3F,7.9
42.3,8061,75.3F,7.9
42.35,8054,75.3F,7.9
42.4,8037,75.3F,7.9
42.45,8031,75.3F,7.9
42.5,8027,75.3F,7.9
42.55,8022,75.3F,7.9
42.6,8021,75.3F,7.9
42.65,8019,75.3F,7.9
42.7,8025,75.3F,7.9
42.75,8031,75.3F,7.9
42.8,8038,75.3F,7.9
42.85,8039,75.3F,7.9
42.9,8031,75.3F,7.9
42.95,8028,75.3F,7.9
43,8010,75.3F,7.9
43.05,8014,75.3F,7.9
43.1,8005,75.3F,7.9
43.15,8008,75.3F,7.9
43.2,7998,75.3F,7.9
43.25,7997,75.3F,7.9
43.3,7984,75.3F,7.9
43.35,7978,75.3F,7.9
43.4,7980,75.3F,7.9
43.45,7986,75.3F,7.9
43.5,7988,75.3F,7.9
43.55,7977,75.3F,7.9
43.6,7976,75.3F,7.9
43.65,7973,75.3F,7.9
43.7,7966,75.3F,7.9
43.75,7966,75.3F,7.9
43.8,7971,75.3F,7.9
43.85,7969,75.3F,7.9
43.9,7956,75.3F,7.9
43.95,7959,75.3F,7.9
44,7953,75.2F,7.9
44.05,7953,75.2F,7.9
44.1,7953,75.3F,7.9
44.15,7951,75.2F,7.9
44.2,7945,75.3F,7.9
44.25,7933,75.3F,7.9
44.3,7923,75.2F,7.9
44.35,7918,75.2F,7.9
44.4,7921,75.2F,7.9
44.45,7918,75.2F,7.9
44.5,7913,75.2F,7.9
44.55,7926,75.2F,7.9
44.6,7919,75.2F,7.9
44.65,7918,75.2F,7.9
44.7,7930,75.2F,7.9
44.75,7927,75.2F,7.9
44.8,7916,75.2F,7.9
44.85,7912,75.2F,7.9
44.9,7905,75.2F,7.9
44.95,7898,75.2F,7.9
45,7892,75.2F,7.9
45.05,7885,75.2F,7.9
45.1,7890,75.2F,7.9
45.15,7895,75.2F,7.9
45.2,7891,75.2F,7.9
45.25,7882,75.2F,7.9
45.3,7881,75.2F,7.9
45.35,7887,75.2F,7.9
45.4,7878,75.2F,7.9
45.45,7867,75.2F,7.9
45.5,7864,75.2F,7.9
45.55,7867,75.2F,7.9
45.6,7863,75.2F,7.9
45.65,7863,75.2F,7.9
45.7,7857,75.2F,7.9
45.75,7854,75.2F,7.9
45.8,7856,75.2F,7.9
45.85,7854,75.2F,7.9
45.9,7844,75.2F,7.9
45.95,7829,75.2F,7.9
46,7835,75.2F,7.9
46.05,7830,75.2F,7.9
46.1,7832,75.2F,7.9
46.15,7830,75.2F,7.9
46.2,7827,75.2F,7.9
46.25,7839,75.2F,7.9
46.3,7825,75.2F,7.9
46.35,7810,75.2F,7.9
46.4,7806,75.2F,7.9
46.45,7803,75.2F,7.9
46.5,7809,75.2F,7.9
46.55,7806,75.2F,7.9
46.6,7803,75.2F,7.9
46.65,7811,75.2F,7.9
46.7,7791,75.2F,7.9
46.75,7787,75.2F,7.9
46.8,7799,75.2F,7.9
46.85,7791,75.2F,7.9
46.9,7783,75.2F,7.9
46.95,7772,75.2F,7.9
47,7770,75.2F,7.9
47.05,7757,75.2F,7.9
47.1,7759,75.2F,7.9
47.15,7757,75.2F,7.9
47.2,7756,75.2F,7.9
47.25,7762,75.2F,7.9
47.3,7752,75.2F,7.9
47.35,7753,75.2F,7.9
47.4,7757,75.2F,7.9
47.45,7745,75.2F,7.9
47.5,7743,75.2F,7.9
47.55,7733,75.2F,7.9
47.6,7737,75.2F,7.9
47.65,7735,75.1F,7.9
47.7,7731,75.2F,7.9
47.75,7727,75.2F,7.9
47.8,7726,75.2F,7.9
47.85,7724,75.1F,7.9
47.9,7714,75.2F,7.9
47.95,7713,75.1F,7.9
48,7704,75.1F,7.9
48.05,7704,75.2F,7.9
48.1,7696,75.2F,7.9
48.15,7694,75.2F,7.9
48.2,7697,75.2F,7.9
48.25,7702,75.2F,7.9
48.3,7699,75.2F,7.9
48.35,7686,75.2F,7.9
48.4,7687,75.2F,7.9
48.45,7684,75.1F,7.9
48.5,7689,75.2F,7.9
48.55,7683,75.2F,7.9
48.6,7668,75.2F,7.9
48.65,7670,75.1F,7.9
48.7,7667,75.2F,7.9
48.75,7656,75.1F,7.9
48.8,7668,75.1F,7.9
48.85,7668,75.1F,7.9
48.9,7665,75.1F,7.9
48.95,7667,75.1F,7.9
49,7668,75.1F,7.9
49.05,7652,75.1F,7.9
49.1,7639,75.1F,7.9
49.15,7626,75.1F,7.9
49.2,7609,75.1F,7.9
49.25,7602,75.1F,7.9
49.3,7596,75.1F,7.9
49.35,7593,75.1F,7.9
49.4,7591,75.1F,7.9
49.45,7593,75.1F,7.9
49.5,7594,75.1F,7.9
49.55,7594,75.1F,7.9
49.6,7596,75.1F,7.9
49.65,7598,75.1F,7.9
49.7,7599,75.1F,7.9
49.75,7589,75.1F,7.9
49.8,7565,75.1F,7.9
49.85,7557,75.1F,7.9
49.9,7551,75.1F,7.9
49.95,7551,75.1F,7.9
50,7562,75.1F,7.9
50.05,7560,75.1F,7.9
50.1,7570,75.1F,7.9
50.15,7566,75.1F,7.9
50.2,7563,75.1F,7.9
50.25,7551,75.1F,7.9
50.3,7542,75.1F,7.9
50.35,7538,75.1F,7.9
50.4,7537,75.1F,7.9
50.45,7536,75.1F,7.9
50.5,7529,75.1F,7.9
50.55,7519,75.1F,7.9
50.6,7514,75.1F,7.9
50.65,7513,75.1F,7.9
50.7,7516,75.1F,7.9
50.75,7511,75.1F,7.9
50.8,7508,75.1F,7.9
50.85,7505,75.1F,7.9
50.9,7507,75.1F,7.9
50.95,7504,75.1F,7.9
51,7502,75.1F,7.9
51.05,7503,75.1F,7.9
51.1,7503,75.1F,7.9
51.15,7498,75.1F,7.9
51.2,7489,75.1F,7.9
51.25,7490,75.1F,7.9
51.3,7488,75.1F,7.9
51.35,7492,75.1F,7.9
51.4,7499,75.1F,7.9
51.45,7481,75.1F,7.9
51.5,7479,75.1F,7.9
51.55,7479,75.1F,7.9
51.6,7482,75.1F,7.9
51.65,7473,75.0F,7.9
51.7,7483,75.1F,7.9
51.75,7469,75.0F,7.9
51.8,7483,75.0F,7.9
51.85,7482,75.0F,7.9
51.9,7467,75.0F,7.9
51.95,7466,75.0F,7.9
52,7457,75.0F,7.9
52.05,7455,75.0F,7.9
52.1,7462,75.0F,7.9
52.15,7467,75.0F,7.9
52.2,7459,75.0F,7.9
52.25,7456,75.0F,7.9
52.3,7455,75.0F,7.9
52.35,7448,75.0F,7.9
52.4,7428,75.0F,7.9
52.45,7413,75.0F,7.9
52.5,7406,75.0F,7.9
52.55,7406,75.0F,7.9
52.6,7404,75.0F,7.9
52.65,7409,75.0F,7.9
52.7,7410,75.0F,7.9
52.75,7415,75.0F,7.9
52.8,7404,75.0F,7.9
52.85,7392,75.0F,7.9
52.9,7386,75.0F,7.9
52.95,7385,75.0F,7.9
53,7385,75.0F,7.9
53.05,7377,75.0F,7.9
53.1,7384,75.0F,7.9
53.15,7375,75.0F,7.9
53.2,7366,75.0F,7.9
53.25,7367,75.0F,7.9
53.3,7361,75.0F,7.9
53.35,7369,74.9F,7.9
53.4,7358,75.0F,7.9
53.45,7350,74.9F,7.9
53.5,7348,74.9F,7.9
53.55,7357,74.9F,7.9
53.6,7352,74.9F,7.9
53.65,7341,74.9F,7.9
53.7,7342,74.9F,7.9
53.75,7337,74.9F,7.9
53.8,7344,74.9F,7.9
53.85,7336,74.9F,7.9
53.9,7326,74.9F,7.9
53.95,7339,74.9F,7.9
54,7331,74.9F,7.9
54.05,7320,74.9F,7.9
54.1,7310,74.9F,7.9
54.15,7306,74.9F,7.9
54.2,7310,74.9F,7.9
54.25,7302,74.9F,7.9
54.3,7299,74.9F,7.9
54.35,7298,74.9F,7.9
54.4,7296,74.9F,7.9
54.45,7288,74.9F,7.9
54.5,7284,74.9F,7.9
54.55,7282,74.9F,7.9
54.6,7276,74.9F,7.9
54.65,7276,74.9F,7.9
54.7,7282,74.9F,7.9
54.75,7281,74.9F,7.9
54.8,7282,74.9F,7.9
54.85,7282,74.9F,7.9
54.9,7270,74.9F,7.9
54.95,7262,74.9F,7.9
55,7265,74.9F,7.9
55.05,7270,74.9F,7.9
55.1,7268,74.9F,7.9
55.15,7254,74.9F,7.9
55.2,7247,74.9F,7.9
55.25,7244,74.8F,7.9
55.3,7239,74.8F,7.9
55.35,7230,74.8F,7.9
55.4,7227,74.8F,7.9
55.45,7219,74.8F,7.9
55.5,7208,74.8F,7.9
55.55,7206,74.8F,7.9
55.6,7203,74.8F,7.9
55.65,7205,74.8F,7.9
55.7,7208,74.8F,7.9
55.75,7213,74.8F,7.9
55.8,7219,74.8F,7.9
55.85,7205,74.8F,7.9
55.9,7203,74.8F,7.9
55.95,7197,74.8F,7.9
56,7197,74.8F,7.9
56.05,7192,74.8F,7.9
56.1,7191,74.8F,7.9
56.15,7184,74.8F,7.9
56.2,7172,74.8F,7.9
56.25,7174,74.8F,7.9
56.3,7172,74.8F,7.9
56.35,7158,74.8F,7.9
56.4,7151,74.8F,7.9
56.45,7151,74.8F,7.9
56.5,7149,74.8F,7.9
56.55,7149,74.8F,7.9
56.6,7146,74.8F,7.9
56.65,7155,74.8F,7.9
56.7,7160,74.8F,7.9
56.75,7172,74.8F,7.9
56.8,7159,74.8F,7.9
56.85,7146,74.8F,7.9
56.9,7140,74.8F,7.9
56.95,7139,74.8F,7.9
57,7153,74.8F,7.9
57.05,7137,74.8F,7.9
57.1,7135,74.8F,7.9
57.15,7129,74.8F,7.9
57.2,7123,74.8F,7.9
57.25,7117,74.8F,7.9
57.3,7123,74.8F,7.9
57.35,7117,74.8F,7.9
57.4,7109,74.8F,7.9
57.45,7105,74.8F,7.9
57.5,7093,74.8F,7.9
57.55,7093,74.8F,7.9
57.6,7087,74.8F,7.9
57.65,7094,74.8F,7.9
57.7,7091,74.8F,7.9
57.75,7087,74.8F,7.9
57.8,7095,74.8F,7.9
57.85,7089,74.8F,7.9
57.9,7082,74.8F,7.9
57.95,7079,74.8F,7.9
58,7066,74.8F,7.9
58.05,7073,74.8F,7.9
58.1,7075,74.8F,7.9
58.15,7066,74.8F,7.9
58.2,7067,74.8F,7.9
58.25,7049,74.8F,7.9
58.3,7040,74.8F,7.9
58.35,7041,74.8F,7.9
58.4,7036,74.8F,7.9
58.45,7032,74.8F,7.9
58.5,7030,74.8F,7.9
58.55,7023,74.8F,7.9
58.6,7021,74.8F,7.9
58.65,7017,74.8F,7.9
58.7,7016,74.8F,7.9
58.75,7013,74.8F,7.9
58.8,7007,74.8F,7.9
58.85,7000,74.8F,7.9
58.9,6996,74.8F,7.9
58.95,6991,74.8F,7.9
59,6998,74.8F,7.9
59.05,6993,74.8F,7.9
59.1,6986,74.8F,7.9
59.15,6978,74.7F,7.9
59.2,6978,74.8F,7.9
59.25,6984,74.8F,7.9
59.3,6982,74.8F,7.9
59.35,6990,74.8F,7.9
59.4,6982,74.8F,7.9
59.45,6981,74.8F,7.9
59.5,6980,74.8F,7.9
59.55,6976,74.7F,7.9
59.6,6970,74.7F,7.9
59.65,6963,74.7F,7.9
59.7,6953,74.7F,7.9
59.75,6957,74.8F,7.9
59.8,6956,74.7F,7.9
59.85,6947,74.7F,7.9
59.9,6951,74.7F,7.9
59.95,6946,74.7F,7.9
60,6949,74.7F,7.9
60.05,6945,74.7F,7.9
60.1,6945,74.7F,7.9
60.15,6945,74.7F,7.9
60.2,6939,74.7F,7.9
60.25,6930,74.7F,7.9
60.3,6920,74.7F,7.9
60.35,6915,74.7F,7.9
60.4,6916,74.7F,7.9
60.45,6921,74.7F,7.9
60.5,6921,74.7F,7.9
60.55,6924,74.7F,7.9
60.6,6929,74.7F,7.9
60.65,6932,74.7F,7.9
60.7,6929,74.7F,7.9
60.75,6917,74.7F,7.9
60.8,6895,74.7F,7.9
60.85,6898,74.7F,7.9
60.9,6883,74.7F,7.9
60.95,6888,74.7F,7.9
61,6888,74.6F,7.9
61.05,6883,74.6F,7.9
61.1,6888,74.6F,7.9
61.15,6882,74.6F,7.9
61.2,6880,74.6F,7.9
61.25,6878,74.6F,7.9
61.3,6870,74.6F,7.9
61.35,6867,74.6F,7.9
61.4,6862,74.6F,7.9
61.45,6860,74.6F,7.9
61.5,6844,74.6F,7.9
61.55,6844,74.6F,7.9
61.6,6847,74.6F,7.9
61.65,6851,74.6F,7.9
61.7,6856,74.6F,7.9
61.75,6859,74.6F,7.9
61.8,6863,74.6F,7.9
61.85,6847,74.6F,7.9
61.9,6830,74.6F,7.9
61.95,6823,74.6F,7.9
62,6827,74.6F,7.9
62.05,6827,74.6F,7.9
62.1,6832,74.6F,7.9
62.15,6825,74.6F,7.9
62.2,6808,74.6F,7.9
62.25,6804,74.6F,7.9
62.3,6804,74.6F,7.9
62.35,6810,74.6F,7.9
62.4,6806,74.6F,7.9
62.45,6792,74.6F,7.9
62.5,6783,74.6F,7.9
62.55,6787,74.6F,7.9
62.6,6783,74.6F,7.9
62.65,6782,74.6F,7.9
62.7,6775,74.6F,7.9
62.75,6782,74.6F,7.9
62.8,6790,74.6F,7.9
62.85,6784,74.6F,7.9
62.9,6780,74.6F,7.9
62.95,6768,74.6F,7.9
63,6767,74.6F,7.9
63.05,6758,74.6F,7.9
63.1,6745,74.6F,7.9
63.15,6741,74.6F,7.9
63.2,6733,74.6F,7.9
63.25,6726,74.6F,7.9
63.3,6716,74.6F,7.9
63.35,6703,74.5F,7.9
63.4,6706,74.6F,7.9
63.45,6704,74.6F,7.9
63.5,6703,74.5F,7.9
63.55,6701,74.6F,7.9
63.6,6711,74.5F,7.9
63.65,6704,74.5F,7.9
63.7,6696,74.5F,7.9
63.75,6684,74.5F,7.9
63.8,6675,74.5F,7.9
63.85,6671,74.5F,7.9
63.9,6665,74.5F,7.9
63.95,6662,74.5F,7.9
64,6661,74.5F,7.9
64.05,6661,74.5F,7.9
64.1,6659,74.5F,7.9
64.15,6656,74.5F,7.9
64.2,6653,74.5F,7.9
64.25,6651,74.5F,7.9
64.3,6651,74.5F,7.9
64.35,6650,74.5F,7.9
64.4,6650,74.5F,7.9
64.45,6643,74.5F,7.9
64.5,6648,74.5F,7.9
64.55,6642,74.5F,7.9
64.6,6637,74.5F,7.9
64.65,6627,74.5F,7.9
64.7,6626,74.5F,7.9
64.75,6625,74.5F,7.9
64.8,6618,74.5F,7.9
64.85,6613,74.5F,7.9
64.9,6609,74.5F,7.9
64.95,6608,74.5F,7.9
65,6608,74.5F,7.9
65.05,6607,74.5F,7.9
65.1,6608,74.5F,7.9
65.15,6606,74.5F,7.9
65.2,6597,74.5F,7.9
65.25,6597,74.5F,7.9
65.3,6603,74.5F,7.9
65.35,6600,74.5F,7.9
65.4,6594,74.5F,7.9
65.45,6596,74.5F,7.9
65.5,6600,74.5F,7.9
65.55,6594,74.5F,7.9
65.6,6591,74.5F,7.9
65.65,6588,74.5F,7.9
65.7,6581,74.5F,7.9
65.75,6578,74.5F,7.9
65.8,6572,74.5F,7.9
65.85,6573,74.5F,7.9
65.9,6575,74.4F,7.9
65.95,6576,74.4F,7.9
66,6574,74.5F,7.9
66.05,6584,74.4F,7.9
66.1,6581,74.5F,7.9
66.15,6581,74.4F,7.9
66.2,6561,74.5F,7.9
66.25,6559,74.4F,7.9
66.3,6549,74.4F,7.9
66.35,6545,74.4F,7.9
66.4,6545,74.4F,7.9
66.45,6538,74.4F,7.9
66.5,6527,74.4F,7.9
66.55,6523,74.4F,7.9
66.6,6522,74.4F,7.9
66.65,6511,74.4F,7.9
66.7,6484,74.4F,7.9
66.75,6490,74.4F,7.9
66.8,6486,74.4F,7.9
66.85,6481,74.4F,7.9
66.9,6481,74.4F,7.9
66.95,6485,74.4F,7.9
67,6486,74.4F,7.9
67.05,6483,74.4F,7.9
67.1,6479,74.4F,7.9
67.15,6485,74.4F,7.9
67.2,6490,74.4F,7.9
67.25,6480,74.4F,7.9
67.3,6473,74.4F,7.9
67.35,6470,74.4F,7.9
67.4,6464,74.4F,7.9
67.45,6460,74.4F,7.9
67.5,6454,74.4F,7.9
67.55,6453,74.4F,7.9
67.6,6455,74.4F,7.9
67.65,6457,74.4F,7.9
67.7,6451,74.4F,7.9
67.75,6454,74.4F,7.9
67.8,6445,74.4F,7.9
67.85,6432,74.4F,7.9
67.9,6432,74.4F,7.9
67.95,6438,74.4F,7.9
68,6428,74.4F,7.9
68.05,6425,74.4F,7.9
68.1,6425,74.4F,7.9
68.15,6419,74.4F,7.9
68.2,6410,74.4F,7.9
68.25,6414,74.4F,7.9
68.3,6410,74.4F,7.9
68.35,6414,74.4F,7.9
68.4,6419,74.4F,7.9
68.45,6410,74.4F,7.9
68.5,6413,74.4F,7.9
68.55,6410,74.4F,7.9
68.6,6407,74.4F,7.9
68.65,6384,74.4F,7.9
68.7,6375,74.4F,7.9
68.75,6381,74.4F,7.9
68.8,6382,74.4F,7.9
68.85,6381,74.4F,7.9
68.9,6380,74.4F,7.9
68.95,6384,74.4F,7.9
69,6368,74.4F,7.9
69.05,6350,74.4F,7.9
69.1,6349,74.4F,7.9
69.15,6356,74.4F,7.9
69.2,6350,74.4F,7.9
69.25,6350,74.4F,7.9
69.3,6356,74.4F,7.9
69.35,6351,74.4F,7.9
69.4,6349,74.4F,7.9
69.45,6340,74.4F,7.9
69.5,6344,74.4F,7.9
69.55,6342,74.4F,7.9
69.6,6342,74.4F,7.9
69.65,6331,74.4F,7.9
69.7,6322,74.4F,7.9
69.75,6323,74.3F,7.9
69.8,6318,74.3F,7.9
69.85,6310,74.4F,7.9
69.9,6303,74.3F,7.9
69.95,6295,74.3F,7.9
70,6288,74.3F,7.9
70.05,6283,74.3F,7.9
70.1,6283,74.3F,7.9
70.15,6281,74.3F,7.9
70.2,6277,74.3F,7.9
70.25,6271,74.3F,7.9
70.3,6273,74.3F,7.9
70.35,6280,74.3F,7.9
70.4,6279,74.3F,7.9
70.45,6280,74.3F,7.9
70.5,6273,74.3F,7.9
70.55,6266,74.3F,7.9
70.6,6263,74.3F,7.9
70.65,6256,74.3F,7.9
70.7,6261,74.3F,7.9
70.75,6253,74.3F,7.9
70.8,6256,74.3F,7.9
70.85,6258,74.3F,7.9
70.9,6258,74.3F,7.9
70.95,6253,74.3F,7.9
71,6250,74.3F,7.9
71.05,6246,74.3F,7.9
71.1,6240,74.3F,7.9
71.15,6238,74.3F,7.9
71.2,6228,74.3F,7.9
71.25,6227,74.3F,7.9
71.3,6229,74.3F,7.9
71.35,6237,74.3F,7.9
71.4,6228,74.3F,7.9
71.45,6217,74.3F,7.9
71.5,6213,74.3F,7.9
71.55,6214,74.3F,7.9
71.6,6212,74.2F,7.9
71.65,6217,74.2F,7.9
71.7,6216,74.2F,7.9
71.75,6206,74.2F,7.9
71.8,6198,74.2F,7.9
71.85,6191,74.2F,7.9
71.9,6193,74.2F,7.9
71.95,6188,74.2F,7.9
72,6186,74.2F,7.9
72.05,6175,74.2F,7.9
72.1,6169,74.2F,7.9
72.15,6174,74.2F,7.9
72.2,6172,74.2F,7.9
72.25,6173,74.2F,7.9
72.3,6180,74.2F,7.9
72.35,6165,74.2F,7.9
72.4,6158,74.2F,7.9
72.45,6165,74.2F,7.9
72.5,6151,74.2F,7.9
72.55,6152,74.2F,7.9
72.6,6142,74.2F,7.9
72.65,6140,74.2F,7.9
72.7,6147,74.2F,7.9
72.75,6152,74.2F,7.9
72.8,6135,74.2F,7.9
72.85,6136,74.2F,7.9
72.9,6124,74.2F,7.9
72.95,6124,74.2F,7.9
73,6118,74.2F,7.9
73.05,6123,74.2F,7.9
73.1,6124,74.2F,7.9
73.15,6112,74.2F,7.9
73.2,6101,74.2F,7.9
73.25,6099,74.2F,7.9
73.3,6102,74.2F,7.9
73.35,6094,74.2F,7.9
73.4,6086,74.1F,7.9
73.45,6089,74.2F,7.9
73.5,6104,74.1F,7.9
73.55,6081,74.1F,7.9
73.6,6075,74.1F,7.9
73.65,6068,74.1F,7.9
73.7,6073,74.1F,7.9
73.75,6066,74.1F,7.9
73.8,6057,74.1F,7.9
73.85,6059,74.1F,7.9
73.9,6061,74.1F,7.9
73.95,6065,74.1F,7.9
74,6056,74.1F,7.9
74.05,6037,74.1F,7.9
74.1,6019,74.1F,7.9
74.15,6020,74.1F,7.9
74.2,6019,74.1F,7.9
74.25,6022,74.1F,7.9
74.3,6025,74.1F,7.9
74.35,6027,74.1F,7.9
74.4,6016,74.1F,7.9
74.45,6010,74.1F,7.9
74.5,6012,74.1F,7.9
74.55,6007,74.1F,7.9
74.6,5997,74.1F,7.9
74.65,5994,74.1F,7.9
74.7,5994,74.1F,7.9
74.75,5992,74.1F,7.9
74.8,5995,74.1F,7.9
74.85,5983,74.1F,7.9
74.9,5986,74.1F,7.9
74.95,5977,74.1F,7.9
75,5973,74.1F,7.9
75.05,5975,74.1F,7.9
75.1,5972,74.1F,7.9
75.15,5978,74.1F,7.9
75.2,5971,74.1F,7.9
75.25,5971,74.1F,7.9
75.3,5966,74.1F,7.9
75.35,5959,74.1F,7.9
75.4,5954,74.1F,7.9
75.45,5954,74.1F,7.9
75.5,5949,74.1F,7.9
75.55,5941,74.1F,7.9
75.6,5944,74.1F,7.9
75.65,5941,74.1F,7.9
75.7,5936,74.1F,7.9
75.75,5938,74.1F,7.9
75.8,5935,74.1F,7.9
75.85,5931,74.1F,7.9
75.9,5924,74.1F,7.9
75.95,5925,74.1F,7.9
76,5925,74.1F,7.9
76.05,5934,74.1F,7.9
76.1,5923,74.1F,7.9
76.15,5920,74.1F,7.9
76.2,5912,74.1F,7.9
76.25,5914,74.1F,7.9
76.3,5900,74.1F,7.9
76.35,5893,74.1F,7.9
76.4,5892,74.1F,7.9
76.45,5896,74.1F,7.9
76.5,5900,74.1F,7.9
76.55,5893,74.1F,7.9
76.6,5889,74.1F,7.9
76.65,5890,74.1F,7.9
76.7,5875,74.1F,7.9
76.75,5861,74.1F,7.9
76.8,5860,74.1F,7.9
76.85,5860,74.1F,7.9
76.9,5857,74.1F,7.9
76.95,5867,74.1F,7.9
77,5854,74.1F,7.9
77.05,5844,74.0F,7.9
77.1,5840,74.1F,7.9
77.15,5856,74.1F,7.9
77.2,5838,74.0F,7.9
77.25,5845,74.0F,7.9
77.3,5836,74.0F,7.9
77.35,5835,74.0F,7.9
77.4,5833,74.0F,7.9
77.45,5826,74.0F,7.9
77.5,5826,74.0F,7.9
77.55,5824,74.0F,7.9
77.6,5816,74.0F,7.9
77.65,5811,74.0F,7.9
77.7,5807,74.0F,7.9
77.75,5810,74.0F,7.9
77.8,5802,74.0F,7.9
77.85,5798,74.0F,7.9
77.9,5788,74.0F,7.9
77.95,5802,74.0F,7.9
78,5796,74.0F,7.9
78.05,5789,74.0F,7.9
78.1,5786,74.0F,7.9
78.15,5785,74.0F,7.9
78.2,5780,74.0F,7.9
78.25,5781,74.0F,7.9
78.3,5776,74.0F,7.9
78.35,5768,74.0F,7.9
78.4,5755,74.0F,7.9
78.45,5754,74.0F,7.9
78.5,5749,74.0F,7.9
78.55,5743,74.0F,7.9
78.6,5737,74.0F,7.9
78.65,5736,74.0F,7.9
78.7,5741,74.0F,7.9
78.75,5746,74.0F,7.9
78.8,5744,74.0F,7.9
78.85,5744,74.0F,7.9
78.9,5736,74.0F,7.9
78.95,5740,74.0F,7.9
79,5735,74.0F,7.9
79.05,5727,74.0F,7.9
79.1,5728,74.0F,7.9
79.15,5729,74.0F,7.9
79.2,5727,74.0F,7.9
79.25,5721,74.0F,7.9
79.3,5715,74.0F,7.9
79.35,5710,74.0F,7.9
79.4,5710,73.9F,7.9
79.45,5703,74.0F,7.9
79.5,5694,74.0F,7.9
79.55,5691,74.0F,7.9
79.6,5698,73.9F,7.9
79.65,5698,73.9F,7.9
79.7,5693,73.9F,7.9
79.75,5688,73.9F,7.9
79.8,5696,73.9F,7.9
79.85,5680,73.9F,7.9
79.9,5686,73.9F,7.9
79.95,5688,73.9F,7.9
80,5685,73.9F,7.9
80.05,5686,73.9F,7.9
80.1,5677,73.9F,7.9
80.15,5677,73.9F,7.9
80.2,5676,73.9F,7.9
80.25,5678,73.9F,7.9
80.3,5673,73.9F,7.9
80.35,5671,73.9F,7.9
80.4,5672,73.9F,7.9
80.45,5661,73.9F,7.9
80.5,5655,73.9F,7.9
80.55,5653,73.9F,7.9
80.6,5646,73.9F,7.9
80.65,5643,73.9F,7.9
80.7,5638,73.9F,7.9
80.75,5633,73.9F,7.9
80.8,5626,73.9F,7.9
80.85,5620,73.9F,7.9
80.9,5620,73.9F,7.9
80.95,5620,73.9F,7.9
81,5620,73.9F,7.9
81.05,5622,73.9F,7.9
81.1,5627,73.9F,7.9
81.15,5627,73.9F,7.9
81.2,5609,73.9F,7.9
81.25,5601,73.9F,7.9
81.3,5602,73.9F,7.9
81.35,5598,73.9F,7.9
81.4,5592,73.9F,7.9
81.45,5588,73.9F,7.9
81.5,5578,73.9F,7.9
81.55,5570,73.9F,7.9
81.6,5568,73.9F,7.9
81.65,5563,73.9F,7.9
81.7,5569,73.9F,7.9
81.75,5566,73.9F,7.9
81.8,5576,73.9F,7.9
81.85,5571,73.9F,7.9
81.9,5569,73.9F,7.9
81.95,5572,73.9F,7.9
82,5555,73.9F,7.9
82.05,5545,73.9F,7.9
82.1,5535,73.9F,7.9
82.15,5536,73.9F,7.9
82.2,5532,73.9F,7.9
82.25,5531,73.9F,7.9
82.3,5527,73.9F,7.9
82.35,5520,73.9F,7.9
82.4,5511,73.9F,7.9
82.45,5505,73.9F,7.9
82.5,5495,73.9F,7.9
82.55,5499,73.9F,7.9
82.6,5501,73.9F,7.9
82.65,5502,73.9F,7.9
82.7,5497,73.8F,7.9
82.75,5502,73.8F,7.9
82.8,5500,73.8F,7.9
82.85,5495,73.8F,7.9
82.9,5493,73.8F,7.9
82.95,5490,73.8F,7.9
83,5476,73.8F,7.9
83.05,5476,73.8F,7.9
83.1,5479,73.8F,7.9
83.15,5472,73.8F,7.9
83.2,5470,73.8F,7.9
83.25,5461,73.8F,7.9
83.3,5469,73.8F,7.9
83.35,5462,73.8F,7.9
83.4,5471,73.8F,7.9
83.45,5464,73.8F,7.9
83.5,5449,73.8F,7.9
83.55,5454,73.8F,7.9
83.6,5449,73.8F,7.9
83.65,5456,73.8F,7.9
83.7,5448,73.8F,7.9
83.75,5444,73.8F,7.9
83.8,5448,73.8F,7.9
83.85,5457,73.8F,7.9
83.9,5458,73.8F,7.9
83.95,5426,73.8F,7.9
84,5433,73.8F,7.9
84.05,5415,73.8F,7.9
84.1,5421,73.8F,7.9
84.15,5407,73.8F,7.9
84.2,5405,73.8F,7.9
84.25,5405,73.8F,7.9
84.3,5408,73.8F,7.9
84.35,5396,73.8F,7.9
84.4,5392,73.8F,7.9
84.45,5392,73.8F,7.9
84.5,5399,73.8F,7.9
84.55,5380,73.8F,7.9
84.6,5376,73.8F,7.9
84.65,5392,73.8F,7.9
84.7,5379,73.8F,7.9
84.75,5370,73.8F,7.9
84.8,5363,73.8F,7.9
84.85,5350,73.8F,7.9
84.9,5344,73.8F,7.9
84.95,5353,73.8F,7.9
85,5343,73.8F,7.9
85.05,5331,73.8F,7.9
85.1,5342,73.8F,7.9
85.15,5335,73.8F,7.9
85.2,5332,73.8F,7.9
85.25,5332,73.8F,7.9
85.3,5333,73.8F,7.9
85.35,5330,73.8F,7.9
85.4,5333,73.8F,7.9
85.45,5313,73.8F,7.9
85.5,5307,73.8F,7.9
85.55,5303,73.8F,7.9
85.6,5292,73.8F,7.9
85.65,5283,73.8F,7.9
85.7,5282,73.8F,7.9
85.75,5278,73.8F,7.9
85.8,5277,73.8F,7.9
85.85,5278,73.8F,7.9
85.9,5277,73.8F,7.9
85.95,5275,73.8F,7.9
86,5276,73.8F,7.9
86.05,5283,73.8F,7.9
86.1,5270,73.8F,7.9
86.15,5267,73.8F,7.9
86.2,5279,73.8F,7.9
86.25,5266,73.8F,7.9
86.3,5262,73.8F,7.9
86.35,5262,73.8F,7.9
86.4,5264,73.8F,7.9
86.45,5262,73.8F,7.9
86.5,5256,73.8F,7.9
86.55,5246,73.8F,7.9
86.6,5236,73.8F,7.9
86.65,5236,73.8F,7.9
86.7,5236,73.8F,7.9
86.75,5230,73.8F,7.9
86.8,5227,73.8F,7.9
86.85,5220,73.8F,7.9
86.9,5214,73.8F,7.9
86.95,5207,73.7F,7.9
87,5201,73.7F,7.9
87.05,5199,73.7F,7.9
87.1,5191,73.8F,7.9
87.15,5189,73.7F,7.9
87.2,5185,73.7F,7.9
87.25,5184,73.7F,7.9
87.3,5190,73.7F,7.9
87.35,5195,73.7F,7.9
87.4,5198,73.7F,7.9
87.45,5196,73.7F,7.9
87.5,5201,73.7F,7.9
87.55,5198,73.7F,7.9
87.6,5193,73.7F,7.9
87.65,5188,73.7F,7.9
87.7,5183,73.7F,7.9
87.75,5174,73.7F,7.9
87.8,5171,73.7F,7.9
87.85,5170,73.7F,7.9
87.9,5162,73.7F,7.9
87.95,5159,73.7F,7.9
88,5153,73.7F,7.9
88.05,5153,73.7F,7.9
88.1,5149,73.7F,7.9
88.15,5150,73.7F,7.9
88.2,5147,73.7F,7.9
88.25,5144,73.7F,7.9
88.3,5142,73.7F,7.9
88.35,5132,73.7F,7.9
88.4,5129,73.7F,7.9
88.45,5124,73.7F,7.9
88.5,5121,73.7F,7.9
88.55,5140,73.7F,7.9
88.6,5141,73.7F,7.9
88.65,5125,73.7F,7.9
88.7,5121,73.7F,7.9
88.75,5126,73.7F,7.9
88.8,5116,73.7F,7.9
88.85,5104,73.7F,7.9
88.9,5097,73.7F,7.9
88.95,5103,73.7F,7.9
89,5107,73.7F,7.9
89.05,5093,73.7F,7.9
89.1,5086,73.7F,7.9
89.15,5083,73.6F,7.9
89.2,5079,73.6F,7.9
89.25,5073,73.6F,7.9
89.3,5081,73.6F,7.9
89.35,5088,73.6F,7.9
89.4,5077,73.6F,7.9
89.45,5074,73.6F,7.9
89.5,5065,73.6F,7.9
89.55,5060,73.6F,7.9
89.6,5052,73.6F,7.9
89.65,5053,73.6F,7.9
89.7,5054,73.6F,7.9
89.75,5059,73.6F,7.9
89.8,5050,73.6F,7.9
89.85,5039,73.6F,7.9
89.9,5031,73.6F,7.9
89.95,5033,73.6F,7.9
90,5032,73.6F,7.9
90.05,5023,73.6F,7.9
90.1,5034,73.6F,7.9
90.15,5031,73.6F,7.9
90.2,5020,73.6F,7.9
90.25,5014,73.6F,7.9
90.3,5009,73.6F,7.9
90.35,5004,73.6F,7.9
90.4,5004,73.5F,7.9
90.45,5013,73.6F,7.9
90.5,5001,73.6F,7.9
90.55,4998,73.6F,7.9
90.6,4994,73.5F,7.9
90.65,4989,73.5F,7.9
90.7,4982,73.5F,7.9
90.75,4995,73.5F,7.9
90.8,4976,73.5F,7.9
90.85,4972,73.5F,7.9
90.9,4966,73.5F,7.9
90.95,4967,73.5F,7.9
91,4975,73.5F,7.9
91.05,4960,73.5F,7.9
91.1,4960,73.5F,7.9
91.15,4956,73.5F,7.9
91.2,4961,73.5F,7.9
91.25,4958,73.5F,7.9
91.3,4942,73.5F,7.9
91.35,4941,73.5F,7.9
91.4,4931,73.5F,7.9
91.45,4934,73.5F,7.9
91.5,4942,73.5F,7.9
91.55,4930,73.5F,7.9
91.6,4925,73.5F,7.9
91.65,4919,73.5F,7.9
91.7,4913,73.5F,7.9
91.75,4922,73.5F,7.9
91.8,4923,73.5F,7.9
91.85,4911,73.5F,7.9
91.9,4914,73.5F,7.9
91.95,4921,73.5F,7.9
92,4901,73.5F,7.9
92.05,4905,73.5F,7.9
92.1,4907,73.5F,7.9
92.15,4891,73.5F,7.9
92.2,4882,73.5F,7.9
92.25,4878,73.5F,7.9
92.3,4871,73.5F,7.9
92.35,4868,73.5F,7.9
92.4,4887,73.5F,7.9
92.45,4867,73.5F,7.9
92.5,4877,73.5F,7.9
92.55,4866,73.5F,7.9
92.6,4865,73.5F,7.9
92.65,4862,73.5F,7.9
92.7,4864,73.5F,7.9
92.75,4863,73.5F,7.9
92.8,4852,73.4F,7.9
92.85,4850,73.5F,7.9
92.9,4844,73.5F,7.9
92.95,4834,73.5F,7.9
93,4828,73.5F,7.9
93.05,4831,73.4F,7.9
93.1,4831,73.4F,7.9
93.15,4836,73.4F,7.9
93.2,4829,73.4F,7.9
93.25,4816,73.4F,7.9
93.3,4810,73.4F,7.9
93.35,4810,73.4F,7.9
93.4,4791,73.4F,7.9
93.45,4787,73.4F,7.9
93.5,4791,73.4F,7.9
93.55,4793,73.4F,7.9
93.6,4794,73.4F,7.9
93.65,4791,73.4F,7.9
93.7,4790,73.4F,7.9
93.75,4783,73.4F,7.9
93.8,4782,73.4F,7.9
93.85,4775,73.4F,7.9
93.9,4768,73.4F,7.9
93.95,4764,73.4F,7.9
94,4757,73.4F,7.9
94.05,4758,73.3F,7.9
94.1,4755,73.3F,7.9
94.15,4756,73.4F,7.9
94.2,4756,73.4F,7.9
94.25,4760,73.4F,7.9
94.3,4759,73.3F,7.9
94.35,4748,73.3F,7.9
94.4,4741,73.4F,7.9
94.45,4732,73.3F,7.9
94.5,4728,73.4F,7.9
94.55,4728,73.4F,7.9
94.6,4718,73.3F,7.9
94.65,4711,73.4F,7.9
94.7,4715,73.3F,7.9
94.75,4725,73.3F,7.9
94.8,4718,73.4F,7.9
94.85,4710,73.3F,7.9
94.9,4704,73.3F,7.9
94.95,4701,73.3F,7.9
95,4697,73.3F,7.9
95.05,4692,73.3F,7.9
95.1,4691,73.3F,7.9
95.15,4691,73.3F,7.9
95.2,4678,73.3F,7.9
95.25,4675,73.3F,7.9
95.3,4669,73.3F,7.9
95.35,4665,73.3F,7.9
95.4,4659,73.3F,7.9
95.45,4655,73.3F,7.9
95.5,4651,73.3F,7.9
95.55,4647,73.3F,7.9
95.6,4649,73.3F,7.9
95.65,4650,73.3F,7.9
95.7,4655,73.3F,7.9
95.75,4653,73.3F,7.9
95.8,4651,73.3F,7.9
95.85,4652,73.3F,7.9
95.9,4648,73.3F,7.9
95.95,4648,73.3F,7.9
96,4646,73.3F,7.9
96.05,4642,73.3F,7.9
96.1,4642,73.3F,7.9
96.15,4635,73.3F,7.9
96.2,4636,73.3F,7.9
96.25,4627,73.3F,7.9
96.3,4627,73.3F,7.9
96.35,4621,73.3F,7.9
96.4,4618,73.2F,7.9
96.45,4611,73.2F,7.9
96.5,4603,73.2F,7.9
96.55,4601,73.2F,7.9
96.6,4596,73.2F,7.9
96.65,4595,73.2F,7.9
96.7,4594,73.2F,7.9
96.75,4592,73.2F,7.9
96.8,4598,73.2F,7.9
96.85,4598,73.2F,7.9
96.9,4597,73.2F,7.9
96.95,4587,73.2F,7.9
97,4579,73.2F,7.9
97.05,4583,73.2F,7.9
97.1,4577,73.2F,7.9
97.15,4570,73.2F,7.9
97.2,4572,73.2F,7.9
97.25,4575,73.2F,7.9
97.3,4575,73.2F,7.9
97.35,4571,73.2F,7.9
97.4,4564,73.2F,7.9
97.45,4556,73.2F,7.9
97.5,4544,73.2F,7.9
97.55,4548,73.2F,7.9
97.6,4546,73.1F,7.9
97.65,4538,73.1F,7.9
97.7,4534,73.1F,7.9
97.75,4533,73.1F,7.9
97.8,4532,73.1F,7.9
97.85,4530,73.1F,7.9
97.9,4528,73.1F,7.9
97.95,4524,73.1F,7.9
98,4508,73.1F,7.9
98.05,4507,73.1F,7.9
98.1,4512,73.1F,7.9
98.15,4505,73.1F,7.9
98.2,4514,73.1F,7.9
98.25,4489,73.1F,7.9
98.3,4479,73.1F,7.9
98.35,4487,73.1F,7.9
98.4,4482,73.1F,7.9
98.45,4482,73.1F,7.9
98.5,4478,73.1F,7.9
98.55,4485,73.1F,7.9
98.6,4475,73.1F,7.9
98.65,4478,73.1F,7.9
98.7,4478,73.1F,7.9
98.75,4465,73.1F,7.9
98.8,4461,73.1F,7.9
98.85,4464,73.1F,7.9
98.9,4460,73.1F,7.9
98.95,4465,73.1F,7.9
99,4450,73.1F,7.9
99.05,4447,73.1F,7.9
99.1,4445,73.1F,7.9
99.15,4445,73.1F,7.9
99.2,4438,73.1F,7.9
99.25,4428,73.1F,7.9
99.3,4423,73.1F,7.9
99.35,4426,73.1F,7.9
99.4,4418,73.1F,7.9
99.45,4413,73.1F,7.9
99.5,4406,73.1F,7.9
99.55,4402,73.1F,7.9
99.6,4403,73.1F,7.9
99.65,4423,73.1F,7.9
99.7,4396,73.1F,7.9
99.75,4395,73.1F,7.9
99.8,4401,73.1F,7.9
99.85,4396,73.1F,7.9
99.9,4388,73.1F,7.9
99.95,4387,73.1F,7.9
100,4380,73.1F,7.9
100.05,4371,73.1F,7.9
100.1,4367,73.1F,7.9
100.15,4382,73.1F,7.9
100.2,4365,73.1F,7.9
100.25,4362,73.1F,7.9
100.3,4361,73.1F,7.9
100.35,4363,73.1F,7.9
100.4,4355,73.1F,7.9
100.45,4360,73.1F,7.9
100.5,4348,73.1F,7.9
100.55,4344,73.1F,7.9
100.6,4351,73.1F,7.9
100.65,4346,73.1F,7.9
100.7,4351,73.1F,7.9
100.75,4345,73.1F,7.9
100.8,4336,73.1F,7.9
100.85,4339,73.1F,7.9
100.9,4337,73.1F,7.9
100.95,4333,73.1F,7.9
101,4324,73.1F,7.9
101.05,4310,73.1F,7.9
101.1,4313,73.1F,7.9
101.15,4313,73.1F,7.9
101.2,4309,73.1F,7.9
101.25,4321,73.1F,7.9
101.3,4321,73.1F,7.9
101.35,4307,73.1F,7.9
101.4,4306,73.1F,7.9
101.45,4311,73.1F,7.9
101.5,4313,73.1F,7.9
101.55,4301,73.1F,7.9
101.6,4298,73.1F,7.9
101.65,4278,73.1F,7.9
101.7,4270,73.1F,7.9
101.75,4275,73.1F,7.9
101.8,4279,73.0F,7.9
101.85,4277,73.1F,7.9
101.9,4272,73.0F,7.9
101.95,4276,73.0F,7.9
102,4264,73.1F,7.9
102.05,4254,73.0F,7.9
102.1,4253,73.0F,7.9
102.15,4255,73.0F,7.9
102.2,4252,73.0F,7.9
102.25,4257,73.0F,7.9
102.3,4249,73.0F,7.9
102.35,4246,73.0F,7.9
102.4,4246,73.0F,7.9
102.45,4241,73.0F,7.9
102.5,4238,73.0F,7.9
102.55,4233,73.0F,7.9
102.6,4230,73.0F,7.9
102.65,4218,73.0F,7.9
102.7,4217,73.0F,7.9
102.75,4209,73.0F,7.9
102.8,4205,73.0F,7.9
102.85,4207,73.0F,7.9
102.9,4196,73.0F,7.9
102.95,4193,73.0F,7.9
103,4178,73.0F,7.9
103.05,4174,73.0F,7.9
103.1,4169,73.0F,7.9
103.15,4158,73.0F,7.9
103.2,4153,73.0F,7.9
103.25,4151,73.0F,7.9
103.3,4150,73.0F,7.9
103.35,4149,73.0F,7.9
103.4,4147,73.0F,7.9
103.45,4148,73.0F,7.9
103.5,4145,72.9F,7.9
103.55,4142,73.0F,7.9
103.6,4139,72.9F,7.9
103.65,4131,73.0F,7.9
103.7,4127,72.9F,7.9
103.75,4131,72.9F,7.9
103.8,4132,72.9F,7.9
103.85,4133,72.9F,7.9
103.9,4138,72.9F,7.9
103.95,4126,72.9F,7.9
104,4121,72.9F,7.9
104.05,4126,72.9F,7.9
104.1,4117,72.9F,7.9
104.15,4115,72.9F,7.9
104.2,4104,72.9F,7.9
104.25,4100,72.9F,7.9
104.3,4095,72.9F,7.9
104.35,4098,72.9F,7.9
104.4,4085,72.9F,7.9
104.45,4088,72.9F,7.9
104.5,4083,72.9F,7.9
104.55,4083,72.9F,7.9
104.6,4084,72.9F,7.9
104.65,4095,72.9F,7.9
104.7,4088,72.9F,7.9
104.75,4079,72.9F,7.9
104.8,4082,72.9F,7.9
104.85,4073,72.9F,7.9
104.9,4065,72.9F,7.9
104.95,4066,72.9F,7.9
105,4069,72.9F,7.9
105.05,4064,72.9F,7.9
105.1,4066,72.9F,7.9
105.15,4058,72.9F,7.9
105.2,4047,72.9F,7.9
105.25,4044,72.9F,7.9
105.3,4040,72.9F,7.9
105.35,4038,72.9F,7.9
105.4,4035,72.9F,7.9
105.45,4032,72.9F,7.9
105.5,4034,72.9F,7.9
105.55,4035,72.9F,7.9
105.6,4034,72.9F,7.9
105.65,4038,72.9F,7.9
105.7,4028,72.9F,7.9
105.75,4030,72.9F,7.9
105.8,4039,72.9F,7.9
105.85,4022,72.9F,7.9
105.9,4017,72.9F,7.9
105.95,4017,72.9F,7.9
106,4007,72.9F,7.9
106.05,4008,72.9F,7.9
106.1,4021,72.9F,7.9
106.15,4007,72.9F,7.9
106.2,4002,72.9F,7.9
106.25,3997,72.9F,7.9
106.3,3984,72.9F,7.9
106.35,3985,72.8F,7.9
106.4,3998,72.8F,7.9
106.45,3982,72.8F,7.9
106.5,3984,72.8F,7.9
106.55,3978,72.8F,7.9
106.6,3967,72.8F,7.9
106.65,3971,72.8F,7.9
106.7,3976,72.8F,7.9
106.75,3966,72.8F,7.9
106.8,3958,72.8F,7.9
106.85,3953,72.8F,7.9
106.9,3960,72.8F,7.9
106.95,3966,72.8F,7.9
107,3949,72.8F,7.9
107.05,3941,72.8F,7.9
107.1,3940,72.8F,7.9
107.15,3939,72.8F,7.9
107.2,3941,72.8F,7.9
107.25,3936,72.8F,7.9
107.3,3928,72.8F,7.9
107.35,3928,72.8F,7.9
107.4,3926,72.8F,7.9
107.45,3936,72.8F,7.9
107.5,3923,72.8F,7.9
107.55,3917,72.8F,7.9
107.6,3915,72.8F,7.9
107.65,3905,72.8F,7.9
107.7,3913,72.8F,7.9
107.75,3907,72.8F,7.9
107.8,3899,72.7F,7.9
107.85,3892,72.8F,7.9
107.9,3887,72.7F,7.9
107.95,3889,72.7F,7.9
108,3896,72.7F,7.9
108.05,3886,72.7F,7.9
108.1,3887,72.7F,7.9
108.15,3878,72.7F,7.9
108.2,3871,72.7F,7.9
108.25,3881,72.7F,7.9
108.3,3878,72.7F,7.9
108.35,3866,72.7F,7.9
108.4,3864,72.7F,7.9
108.45,3854,72.7F,7.9
108.5,3861,72.7F,7.9
108.55,3862,72.7F,7.9
108.6,3848,72.7F,7.9
108.65,3850,72.7F,7.9
108.7,3844,72.7F,7.9
108.75,3840,72.7F,7.9
108.8,3838,72.7F,7.9
108.85,3843,72.7F,7.9
108.9,3851,72.7F,7.9
108.95,3839,72.7F,7.9
109,3841,72.7F,7.9
109.05,3835,72.7F,7.9
109.1,3831,72.7F,7.9
109.15,3819,72.7F,7.9
109.2,3812,72.7F,7.9
109.25,3806,72.7F,7.9
109.3,3820,72.7F,7.9
109.35,3812,72.7F,7.9
109.4,3809,72.7F,7.9
109.45,3803,72.7F,7.9
109.5,3792,72.7F,7.9
109.55,3781,72.7F,7.9
109.6,3784,72.7F,7.9
109.65,3787,72.7F,7.9
109.7,3782,72.6F,7.9
109.75,3779,72.6F,7.9
109.8,3770,72.6F,7.9
109.85,3769,72.6F,7.9
109.9,3759,72.6F,7.9
109.95,3756,72.6F,7.9
110,3759,72.6F,7.9
110.05,3746,72.6F,7.9
110.1,3741,72.6F,7.9
110.15,3726,72.6F,7.9
110.2,3714,72.6F,7.9
110.25,3710,72.6F,7.9
110.3,3705,72.6F,7.9
110.35,3701,72.6F,7.9
110.4,3697,72.6F,7.9
110.45,3695,72.6F,7.9
110.5,3693,72.6F,7.9
110.55,3691,72.6F,7.9
110.6,3691,72.6F,7.9
110.65,3691,72.6F,7.9
110.7,3690,72.6F,7.9
110.75,3689,72.6F,7.9
110.8,3689,72.6F,7.9
110.85,3688,72.6F,7.9
110.9,3685,72.6F,7.9
110.95,3681,72.6F,7.9
111,3673,72.6F,7.9
111.05,3672,72.6F,7.9
111.1,3671,72.6F,7.9
111.15,3671,72.6F,7.9
111.2,3668,72.6F,7.9
111.25,3658,72.6F,7.9
111.3,3646,72.6F,7.9
111.35,3641,72.6F,7.9
111.4,3644,72.6F,7.9
111.45,3643,72.6F,7.9
111.5,3642,72.6F,7.9
111.55,3641,72.6F,7.9
111.6,3632,72.6F,7.9
111.65,3628,72.6F,7.9
111.7,3620,72.6F,7.9
111.75,3613,72.6F,7.9
111.8,3610,72.6F,7.9
111.85,3608,72.6F,7.9
111.9,3605,72.6F,7.9
111.95,3603,72.6F,7.9
112,3605,72.6F,7.9
112.05,3607,72.6F,7.9
112.1,3609,72.6F,7.9
112.15,3605,72.6F,7.9
112.2,3608,72.6F,7.9
112.25,3601,72.6F,7.9
112.3,3602,72.6F,7.9
112.35,3596,72.6F,7.9
112.4,3595,72.6F,7.9
112.45,3593,72.6F,7.9
112.5,3587,72.6F,7.9
112.55,3588,72.6F,7.9
112.6,3588,72.6F,7.9
112.65,3577,72.6F,7.9
112.7,3576,72.6F,7.9
112.75,3572,72.6F,7.9
112.8,3579,72.6F,7.9
112.85,3571,72.6F,7.9
112.9,3573,72.6F,7.9
112.95,3572,72.6F,7.9
113,3571,72.5F,7.9
113.05,3564,72.6F,7.9
113.1,3561,72.6F,7.9
113.15,3562,72.6F,7.9
113.2,3566,72.6F,7.9
113.25,3576,72.5F,7.9
113.3,3567,72.6F,7.9
113.35,3568,72.5F,7.9
113.4,3556,72.5F,7.9
113.45,3545,72.5F,7.9
113.5,3527,72.5F,7.9
113.55,3531,72.5F,7.9
113.6,3531,72.5F,7.9
113.65,3519,72.5F,7.9
113.7,3511,72.5F,7.9
113.75,3505,72.5F,7.9
113.8,3503,72.5F,7.9
113.85,3502,72.5F,7.9
113.9,3515,72.5F,7.9
113.95,3518,72.5F,7.9
114,3517,72.5F,7.9
114.05,3510,72.5F,7.9
114.1,3495,72.5F,7.9
114.15,3495,72.5F,7.9
114.2,3493,72.5F,7.9
114.25,3490,72.5F,7.9
114.3,3489,72.5F,7.9
114.35,3483,72.5F,7.9
114.4,3475,72.5F,7.9
114.45,3482,72.5F,7.9
114.5,3481,72.5F,7.9
114.55,3476,72.5F,7.9
114.6,3476,72.5F,7.9
114.65,3461,72.5F,7.9
114.7,3470,72.5F,7.9
114.75,3469,72.5F,7.9
114.8,3474,72.5F,7.9
114.85,3484,72.5F,7.9
114.9,3465,72.5F,7.9
114.95,3452,72.5F,7.9
115,3450,72.5F,7.9
115.05,3438,72.5F,7.9
115.1,3436,72.5F,7.9
115.15,3430,72.5F,7.9
115.2,3436,72.5F,7.9
115.25,3418,72.5F,7.9
115.3,3433,72.5F,7.9
115.35,3424,72.5F,7.9
115.4,3410,72.5F,7.9
115.45,3402,72.5F,7.9
115.5,3408,72.5F,7.9
115.55,3407,72.5F,7.9
115.6,3403,72.5F,7.9
115.65,3405,72.5F,7.9
115.7,3406,72.5F,7.9
115.75,3399,72.5F,7.9
115.8,3395,72.5F,7.9
115.85,3392,72.5F,7.9
115.9,3395,72.4F,7.9
115.95,3379,72.5F,7.9
116,3376,72.5F,7.9
116.05,3379,72.4F,7.9
116.1,3380,72.4F,7.9
116.15,3370,72.4F,7.9
116.2,3368,72.4F,7.9
116.25,3371,72.5F,7.9
116.3,3372,72.4F,7.9
116.35,3360,72.4F,7.9
116.4,3347,72.4F,7.9
116.45,3363,72.4F,7.9
116.5,3350,72.4F,7.9
116.55,3350,72.4F,7.9
116.6,3342,72.4F,7.9
116.65,3338,72.4F,7.9
116.7,3337,72.4F,7.9
116.75,3341,72.4F,7.9
116.8,3334,72.4F,7.9
116.85,3332,72.4F,7.9
116.9,3335,72.4F,7.9
116.95,3338,72.4F,7.9
117,3326,72.4F,7.9
117.05,3322,72.4F,7.9
117.1,3318,72.4F,7.9
117.15,3318,72.4F,7.9
117.2,3313,72.4F,7.9
117.25,3312,72.4F,7.9
117.3,3315,72.4F,7.9
117.35,3296,72.4F,7.9
117.4,3297,72.4F,7.9
117.45,3304,72.4F,7.9
117.5,3300,72.4F,7.9
117.55,3300,72.4F,7.9
117.6,3312,72.4F,7.9
117.65,3313,72.4F,7.9
117.7,3295,72.4F,7.9
117.75,3292,72.4F,7.9
117.8,3298,72.4F,7.9
117.85,3290,72.4F,7.9
117.9,3290,72.4F,7.9
117.95,3271,72.4F,7.9
118,3264,72.4F,7.9
118.05,3254,72.4F,7.9
118.1,3244,72.4F,7.9
118.15,3233,72.4F,7.9
118.2,3226,72.4F,7.9
118.25,3226,72.4F,7.9
118.3,3227,72.4F,7.9
118.35,3225,72.4F,7.9
118.4,3233,72.4F,7.9
118.45,3239,72.4F,7.9
118.5,3240,72.4F,7.9
118.55,3234,72.4F,7.9
118.6,3225,72.4F,7.9
118.65,3213,72.4F,7.9
118.7,3216,72.4F,7.9
118.75,3215,72.4F,7.9
118.8,3214,72.3F,7.9
118.85,3212,72.3F,7.9
118.9,3204,72.3F,7.9
118.95,3192,72.3F,7.9
119,3184,72.3F,7.9
119.05,3171,72.3F,7.9
119.1,3172,72.3F,7.9
119.15,3171,72.3F,7.9
119.2,3177,72.3F,7.9
119.25,3176,72.3F,7.9
119.3,3178,72.3F,7.9
119.35,3174,72.3F,7.9
119.4,3166,72.3F,7.9
119.45,3171,72.3F,7.9
119.5,3166,72.3F,7.9
119.55,3159,72.3F,7.9
119.6,3156,72.3F,7.9
119.65,3148,72.3F,7.9
119.7,3140,72.3F,7.9
119.75,3137,72.3F,7.9
119.8,3135,72.3F,7.9
119.85,3139,72.3F,7.9
119.9,3136,72.3F,7.9
119.95,3138,72.3F,7.9
120,3131,72.3F,7.9
120.05,3131,72.3F,7.9
120.1,3134,72.3F,7.9
120.15,3134,72.2F,7.9
120.2,3124,72.3F,7.9
120.25,3124,72.2F,7.9
120.3,3119,72.2F,7.9
120.35,3122,72.2F,7.9
120.4,3117,72.2F,7.9
120.45,3111,72.3F,7.9
120.5,3113,72.2F,7.9
120.55,3113,72.2F,7.9
120.6,3104,72.2F,7.9
120.65,3106,72.2F,7.9
120.7,3098,72.2F,7.9
120.75,3093,72.2F,7.9
120.8,3095,72.2F,7.9
120.85,3099,72.2F,7.9
120.9,3086,72.2F,7.9
120.95,3081,72.2F,7.9
121,3081,72.2F,7.9
121.05,3072,72.2F,7.9
121.1,3076,72.2F,7.9
121.15,3083,72.2F,7.9
121.2,3065,72.2F,7.9
121.25,3067,72.2F,7.9
121.3,3062,72.2F,7.9
121.35,3066,72.2F,7.9
121.4,3069,72.2F,7.9
121.45,3057,72.2F,7.9
121.5,3052,72.2F,7.9
121.55,3047,72.2F,7.9
121.6,3053,72.2F,7.9
121.65,3053,72.2F,7.9
121.7,3035,72.2F,7.9
121.75,3038,72.2F,7.9
121.8,3027,72.2F,7.9
121.85,3032,72.2F,7.9
121.9,3026,72.2F,7.9
121.95,3018,72.2F,7.9
122,3012,72.2F,7.9
122.05,3020,72.2F,7.9
122.1,3016,72.2F,7.9
122.15,3014,72.2F,7.9
122.2,3011,72.2F,7.9
122.25,3003,72.2F,7.9
122.3,3008,72.2F,7.9
122.35,2997,72.2F,7.9
122.4,2992,72.2F,7.9
122.45,2990,72.1F,7.9
122.5,2996,72.2F,7.9
122.55,2984,72.1F,7.9
122.6,2994,72.2F,7.9
122.65,2971,72.1F,7.9
122.7,2991,72.1F,7.9
122.75,2982,72.1F,7.9
122.8,2971,72.1F,7.9
122.85,2960,72.1F,7.9
122.9,2975,72.1F,7.9
122.95,2973,72.1F,7.9
123,2973,72.1F,7.9
123.05,2982,72.1F,7.9
123.1,2972,72.1F,7.9
123.15,2985,72.1F,7.9
123.2,2961,72.1F,7.9
123.25,2955,72.1F,7.9
123.3,2950,72.1F,7.9
123.35,2942,72.1F,7.9
123.4,2932,72.1F,7.9
123.45,2932,72.1F,7.9
123.5,2921,72.1F,7.9
123.55,2927,72.1F,7.9
123.6,2896,72.1F,7.9
123.65,2894,72.1F,7.9
123.7,2889,72.1F,7.9
123.75,2883,72.1F,7.9
123.8,2878,72.1F,7.9
123.85,2878,72.1F,7.9
123.9,2872,72.1F,7.9
123.95,2871,72.0F,7.9
124,2867,72.0F,7.9
124.05,2863,72.1F,7.9
124.1,2861,72.0F,7.9
124.15,2860,72.0F,7.9
124.2,2856,72.0F,7.9
124.25,2851,72.0F,7.9
124.3,2850,72.0F,7.9
124.35,2848,72.0F,7.9
124.4,2849,72.0F,7.9
124.45,2849,72.0F,7.9
124.5,2850,72.0F,7.9
124.55,2857,72.0F,7.9
124.6,2848,72.0F,7.9
124.65,2844,72.0F,7.9
124.7,2841,72.0F,7.9
124.75,2838,72.0F,7.9
124.8,2830,72.0F,7.9
124.85,2835,72.0F,7.9
124.9,2832,72.0F,7.9
124.95,2827,72.0F,7.9
125,2825,72.0F,7.9
125.05,2825,72.0F,7.9
125.1,2819,72.0F,7.9
125.15,2819,72.0F,7.9
125.2,2819,72.0F,7.9
125.25,2814,72.0F,7.9
125.3,2811,72.0F,7.9
125.35,2811,72.0F,7.9
125.4,2806,72.0F,7.9
125.45,2805,72.0F,7.9
125.5,2800,72.0F,7.9
125.55,2797,72.0F,7.9
125.6,2800,72.0F,7.9
125.65,2797,72.0F,7.9
125.7,2788,72.0F,7.9
125.75,2779,72.0F,7.9
125.8,2780,72.0F,7.9
125.85,2781,72.0F,7.9
125.9,2782,72.0F,7.9
125.95,2781,72.0F,7.9
126,2779,72.0F,7.9
126.05,2784,72.0F,7.9
126.1,2781,71.9F,7.9
126.15,2773,71.9F,7.9
126.2,2772,71.9F,7.9
126.25,2777,71.9F,7.9
126.3,2779,71.9F,7.9
126.35,2773,71.9F,7.9
126.4,2777,71.9F,7.9
126.45,2758,71.9F,7.9
126.5,2748,71.9F,7.9
126.55,2756,71.9F,7.9
126.6,2751,71.9F,7.9
126.65,2751,71.9F,7.9
126.7,2758,71.9F,7.9
126.75,2741,71.9F,7.9
126.8,2747,71.9F,7.9
126.85,2753,71.9F,7.9
126.9,2743,71.9F,7.9
126.95,2743,71.9F,7.9
127,2733,71.9F,7.9
127.05,2722,71.9F,7.9
127.1,2708,71.9F,7.9
127.15,2693,71.9F,7.9
127.2,2683,71.9F,7.9
127.25,2680,71.9F,7.9
127.3,2692,71.9F,7.9
127.35,2725,71.9F,7.9
127.4,2709,71.9F,7.9
127.45,2678,71.9F,7.9
127.5,2683,71.9F,7.9
127.55,2683,71.9F,7.9
127.6,2675,71.9F,7.9
127.65,2667,71.9F,7.9
127.7,2660,71.9F,7.9
127.75,2653,71.9F,7.9
127.8,2647,71.9F,7.9
127.85,2642,71.9F,7.9
127.9,2646,71.9F,7.9
127.95,2653,71.9F,7.9
128,2652,71.9F,7.9
128.05,2653,71.9F,7.9
128.1,2646,71.9F,7.9
128.15,2637,71.9F,7.9
128.2,2634,71.9F,7.9
128.25,2631,71.9F,7.9
128.3,2628,71.9F,7.9
128.35,2628,71.8F,7.9
128.4,2619,71.8F,7.9
128.45,2620,71.8F,7.9
128.5,2624,71.8F,7.9
128.55,2624,71.8F,7.9
128.6,2621,71.8F,7.9
128.65,2617,71.8F,7.9
128.7,2610,71.8F,7.9
128.75,2608,71.8F,7.9
128.8,2607,71.8F,7.9
128.85,2596,71.8F,7.9
128.9,2597,71.8F,7.9
128.95,2602,71.8F,7.9
129,2599,71.8F,7.9
129.05,2597,71.8F,7.9
129.1,2584,71.8F,7.9
129.15,2581,71.8F,7.9
129.2,2573,71.8F,7.9
129.25,2571,71.8F,7.9
129.3,2569,71.8F,7.9
129.35,2569,71.8F,7.9
129.4,2570,71.8F,7.9
129.45,2566,71.8F,7.9
129.5,2570,71.8F,7.9
129.55,2567,71.8F,7.9
129.6,2571,71.8F,7.9
129.65,2568,71.8F,7.9
129.7,2561,71.8F,7.9
129.75,2553,71.8F,7.9
129.8,2546,71.8F,7.9
129.85,2544,71.8F,7.9
129.9,2544,71.8F,7.9
129.95,2538,71.8F,7.9
130,2534,71.8F,7.9
130.05,2528,71.8F,7.9
130.1,2525,71.8F,7.9
130.15,2525,71.8F,7.9
130.2,2521,71.8F,7.9
130.25,2523,71.8F,7.9
130.3,2521,71.8F,7.9
130.35,2522,71.8F,7.9
130.4,2518,71.8F,7.9
130.45,2516,71.8F,7.9
130.5,2512,71.8F,7.9
130.55,2508,71.8F,7.9
130.6,2508,71.8F,7.9
130.65,2502,71.8F,7.9
130.7,2501,71.8F,7.9
130.75,2498,71.8F,7.9
130.8,2496,71.8F,7.9
130.85,2493,71.8F,7.9
130.9,2490,71.8F,7.9
130.95,2492,71.8F,7.9
131,2489,71.8F,7.9
131.05,2488,71.8F,7.9
131.1,2486,71.8F,7.9
131.15,2486,71.8F,7.9
131.2,2485,71.8F,7.9
131.25,2482,71.8F,7.9
131.3,2479,71.8F,7.9
131.35,2479,71.8F,7.9
131.4,2477,71.8F,7.9
131.45,2474,71.8F,7.9
131.5,2473,71.8F,7.9
131.55,2475,71.8F,7.9
131.6,2470,71.8F,7.9
131.65,2462,71.8F,7.9
131.7,2459,71.8F,7.9
131.75,2456,71.8F,7.9
131.8,2454,71.8F,7.9
131.85,2450,71.8F,7.9
131.9,2448,71.8F,7.9
131.95,2446,71.8F,7.9
132,2444,71.8F,7.9
132.05,2443,71.8F,7.9
132.1,2443,71.8F,7.9
132.15,2440,71.8F,7.9
132.2,2438,71.8F,7.9
132.25,2436,71.8F,7.9
132.3,2433,71.8F,7.9
132.35,2433,71.8F,7.9
132.4,2430,71.8F,7.9
132.45,2431,71.8F,7.9
132.5,2432,71.8F,7.9
132.55,2425,71.8F,7.9
132.6,2425,71.8F,7.9
132.65,2426,71.8F,7.9
132.7,2421,71.8F,7.9
132.75,2421,71.8F,7.9
132.8,2415,71.8F,7.9
132.85,2414,71.8F,7.9
132.9,2414,71.8F,7.9
132.95,2409,71.8F,7.9
133,2410,71.8F,7.9
133.05,2409,71.8F,7.9
133.1,2406,71.7F,7.9
133.15,2401,71.8F,7.9
133.2,2393,71.8F,7.9
133.25,2393,71.8F,7.9
133.3,2394,71.8F,7.9
133.35,2394,71.7F,7.9
133.4,2393,71.7F,7.9
133.45,2388,71.7F,7.9
133.5,2387,71.7F,7.9
133.55,2386,71.7F,7.9
133.6,2384,71.7F,7.9
133.65,2381,71.7F,7.9
133.7,2379,71.7F,7.9
133.75,2376,71.7F,7.9
133.8,2374,71.7F,7.9
133.85,2370,71.7F,7.9
133.9,2375,71.7F,7.9
133.95,2369,71.7F,7.9
134,2366,71.7F,7.9
134.05,2365,71.7F,7.9
134.1,2364,71.7F,7.9
134.15,2359,71.7F,7.9
134.2,2355,71.7F,7.9
134.25,2349,71.7F,7.9
134.3,2345,71.7F,7.9
134.35,2344,71.7F,7.9
134.4,2347,71.7F,7.9
134.45,2345,71.7F,7.9
134.5,2341,71.7F,7.9
134.55,2339,71.7F,7.9
134.6,2334,71.7F,7.9
134.65,2333,71.7F,7.9
134.7,2330,71.7F,7.9
134.75,2327,71.7F,7.9
134.8,2324,71.7F,7.9
134.85,2323,71.7F,7.9
134.9,2322,71.7F,7.9
134.95,2320,71.7F,7.9
135,2319,71.7F,7.9
135.05,2317,71.7F,7.9
135.1,2316,71.7F,7.9
135.15,2314,71.7F,7.9
135.2,2312,71.7F,7.9
135.25,2307,71.7F,7.9
135.3,2305,71.7F,7.9
135.35,2302,71.7F,7.9
135.4,2302,71.7F,7.9
135.45,2298,71.7F,7.9
135.5,2296,71.7F,7.9
135.55,2291,71.7F,7.9
135.6,2289,71.7F,7.9
135.65,2286,71.7F,7.9
135.7,2283,71.7F,7.9
135.75,2280,71.7F,7.9
135.8,2279,71.7F,7.9
135.85,2277,71.7F,7.9
135.9,2274,71.7F,7.9
135.95,2272,71.7F,7.9
136,2272,71.7F,7.9
136.05,2270,71.7F,7.9
136.1,2268,71.7F,7.9
136.15,2268,71.7F,7.9
136.2,2264,71.7F,7.9
136.25,2261,71.7F,7.9
136.3,2262,71.7F,7.9
136.35,2260,71.7F,7.9
136.4,2256,71.7F,7.9
136.45,2256,71.7F,7.9
136.5,2251,71.7F,7.9
136.55,2252,71.7F,7.9
136.6,2248,71.7F,7.9
136.65,2249,71.7F,7.9
136.7,2244,71.7F,7.9
136.75,2242,71.7F,7.9
136.8,2242,71.7F,7.9
136.85,2238,71.7F,7.9
136.9,2234,71.7F,7.9
136.95,2232,71.7F,7.9
137,2230,71.7F,7.9
137.05,2224,71.7F,7.9
137.1,2223,71.7F,7.9
137.15,2220,71.7F,7.9
137.2,2216,71.7F,7.9
137.25,2214,71.7F,7.9
137.3,2214,71.7F,7.9
137.35,2211,71.7F,7.9
137.4,2209,71.7F,7.9
137.45,2208,71.7F,7.9
137.5,2205,71.7F,7.9
137.55,2204,71.7F,7.9
137.6,2204,71.7F,7.9
137.65,2204,71.7F,7.9
137.7,2204,71.7F,7.9
137.75,2201,71.7F,7.9
137.8,2202,71.7F,7.9
137.85,2202,71.7F,7.9
137.9,2198,71.7F,7.9
137.95,2191,71.7F,7.9
138,2193,71.7F,7.9
138.05,2191,71.7F,7.9
138.1,2189,71.7F,7.9
138.15,2188,71.7F,7.9
138.2,2189,71.7F,7.9
138.25,2184,71.7F,7.9
138.3,2182,71.7F,7.9
138.35,2177,71.7F,7.9
138.4,2174,71.6F,7.9
138.45,2168,71.7F,7.9
138.5,2165,71.7F,7.9
138.55,2164,71.7F,7.9
138.6,2163,71.6F,7.9
138.65,2160,71.6F,7.9
138.7,2160,71.6F,7.9
138.75,2156,71.6F,7.9
138.8,2153,71.6F,7.9
138.85,2149,71.6F,7.9
138.9,2146,71.6F,7.9
138.95,2145,71.6F,7.9
139,2141,71.6F,7.9
139.05,2139,71.6F,7.9
139.1,2137,71.6F,7.9
139.15,2135,71.6F,7.9
139.2,2134,71.6F,7.9
139.25,2131,71.6F,7.9
139.3,2131,71.6F,7.9
139.35,2128,71.6F,7.9
139.4,2126,71.6F,7.9
139.45,2124,71.6F,7.9
139.5,2121,71.6F,7.9
139.55,2118,71.6F,7.9
139.6,2115,71.6F,7.9
139.65,2110,71.6F,7.9
139.7,2111,71.6F,7.9
139.75,2109,71.6F,7.9
139.8,2106,71.6F,7.9
139.85,2105,71.6F,7.9
139.9,2103,71.6F,7.9
139.95,2100,71.6F,7.9
140,2098,71.6F,7.9
140.05,2097,71.6F,7.9
140.1,2093,71.6F,7.9
140.15,2091,71.6F,7.9
140.2,2088,71.6F,7.9
140.25,2086,71.6F,7.9
140.3,2084,71.6F,7.9
140.35,2081,71.6F,7.9
140.4,2079,71.6F,7.9
140.45,2077,71.6F,7.9
140.5,2077,71.6F,7.9
140.55,2075,71.6F,7.9
140.6,2071,71.6F,7.9
140.65,2069,71.6F,7.9
140.7,2068,71.6F,7.9
140.75,2067,71.6F,7.9
140.8,2062,71.6F,7.9
140.85,2061,71.6F,7.9
140.9,2058,71.6F,7.9
140.95,2056,71.6F,7.9
141,2054,71.6F,7.9
141.05,2052,71.6F,7.9
141.1,2051,71.6F,7.9
141.15,2049,71.6F,7.9
141.2,2048,71.6F,7.9
141.25,2047,71.6F,7.9
141.3,2044,71.6F,7.9
141.35,2041,71.6F,7.9
141.4,2039,71.6F,7.9
141.45,2036,71.6F,7.9
141.5,2036,71.6F,7.9
141.55,2034,71.6F,7.9
141.6,2032,71.6F,7.9
141.65,2030,71.6F,7.9
141.7,2028,71.6F,7.9
141.75,2028,71.6F,7.9
141.8,2029,71.6F,7.9
141.85,2027,71.6F,7.9
141.9,2025,71.6F,7.9
141.95,2023,71.6F,7.9
142,2024,71.6F,7.9
142.05,2020,71.6F,7.9
142.1,2022,71.5F,7.9
142.15,2015,71.5F,7.9
142.2,2012,71.5F,7.9
142.25,2009,71.5F,7.9
142.3,2007,71.5F,7.9
142.35,2003,71.5F,7.9
142.4,2001,71.5F,7.9
142.45,2000,71.5F,7.9
142.5,1996,71.5F,7.9
142.55,1995,71.5F,7.9
142.6,1993,71.5F,7.9
142.65,1992,71.5F,7.9
142.7,1987,71.5F,7.9
142.75,1983,71.5F,7.9
142.8,1981,71.5F,7.9
142.85,1980,71.5F,7.9
142.9,1975,71.5F,7.9
142.95,1975,71.5F,7.9
143,1975,71.5F,7.9
143.05,1970,71.5F,7.9
143.1,1969,71.5F,7.9
143.15,1969,71.5F,7.9
143.2,1963,71.5F,7.9
143.25,1960,71.5F,7.9
143.3,1958,71.5F,7.9
143.35,1957,71.5F,7.9
143.4,1955,71.5F,7.9
143.45,1952,71.5F,7.9
143.5,1949,71.5F,7.9
143.55,1949,71.5F,7.9
143.6,1945,71.5F,7.9
143.65,1943,71.5F,7.9
143.7,1941,71.5F,7.9
143.75,1938,71.5F,7.9
143.8,1935,71.5F,7.9
143.85,1933,71.5F,7.9
143.9,1931,71.5F,7.9
143.95,1928,71.5F,7.9
144,1926,71.5F,7.9
144.05,1924,71.5F,7.9
144.1,1922,71.5F,7.9
144.15,1921,71.5F,7.9
144.2,1919,71.5F,7.9
144.25,1916,71.5F,7.9
144.3,1914,71.5F,7.9
144.35,1910,71.5F,7.9
144.4,1910,71.5F,7.9
144.45,1907,71.5F,7.9
144.5,1904,71.5F,7.9
144.55,1902,71.5F,7.9
144.6,1899,71.5F,7.9
144.65,1898,71.5F,7.9
144.7,1895,71.5F,7.9
144.75,1892,71.5F,7.9
144.8,1892,71.5F,7.9
144.85,1888,71.5F,7.9
144.9,1887,71.5F,7.9
144.95,1886,71.5F,7.9
145,1883,71.5F,7.9
145.05,1880,71.5F,7.9
145.1,1877,71.5F,7.9
145.15,1873,71.5F,7.9
145.2,1871,71.5F,7.9
145.25,1868,71.5F,7.9
145.3,1865,71.5F,7.9
145.35,1863,71.5F,7.9
145.4,1860,71.5F,7.9
145.45,1857,71.5F,7.9
145.5,1857,71.5F,7.9
145.55,1854,71.5F,7.9
145.6,1852,71.5F,7.9
145.65,1850,71.5F,7.9
145.7,1849,71.5F,7.9
145.75,1845,71.5F,7.9
145.8,1842,71.5F,7.9
145.85,1842,71.5F,7.9
145.9,1840,71.5F,7.9
145.95,1838,71.4F,7.9
146,1836,71.5F,7.9
146.05,1836,71.5F,7.9
146.1,1832,71.5F,7.9
146.15,1832,71.4F,7.9
146.2,1829,71.4F,7.9
146.25,1825,71.5F,7.9
146.3,1824,71.4F,7.9
146.35,1824,71.4F,7.9
146.4,1821,71.4F,7.9
146.45,1820,71.4F,7.9
146.5,1818,71.4F,7.9
146.55,1815,71.4F,7.9
146.6,1814,71.4F,7.9
146.65,1812,71.4F,7.9
146.7,1807,71.4F,7.9
146.75,1807,71.4F,7.9
146.8,1801,71.4F,7.9
146.85,1798,71.4F,7.9
146.9,1797,71.4F,7.9
146.95,1794,71.4F,7.9
147,1792,71.4F,7.9
147.05,1788,71.4F,7.9
147.1,1784,71.4F,7.9
147.15,1782,71.4F,7.9
147.2,1779,71.4F,7.9
147.25,1776,71.4F,7.9
147.3,1774,71.4F,7.9
147.35,1772,71.4F,7.9
147.4,1769,71.4F,7.9
147.45,1766,71.4F,7.9
147.5,1764,71.4F,7.9
147.55,1762,71.4F,7.9
147.6,1760,71.4F,7.9
147.65,1757,71.4F,7.9
147.7,1755,71.4F,7.9
147.75,1753,71.4F,7.9
147.8,1753,71.4F,7.9
147.85,1750,71.4F,7.9
147.9,1748,71.4F,7.9
147.95,1746,71.4F,7.9
148,1744,71.4F,7.9
148.05,1743,71.4F,7.9
148.1,1742,71.4F,7.9
148.15,1740,71.4F,7.9
148.2,1740,71.4F,7.9
148.25,1738,71.4F,7.9
148.3,1738,71.4F,7.9
148.35,1738,71.4F,7.9
148.4,1734,71.4F,7.9
148.45,1732,71.4F,7.9
148.5,1731,71.4F,7.9
148.55,1726,71.4F,7.9
148.6,1727,71.4F,7.9
148.65,1720,71.4F,7.9
148.7,1717,71.4F,7.9
148.75,1715,71.4F,7.9
148.8,1719,71.4F,7.9
148.85,1717,71.4F,7.9
148.9,1713,71.4F,7.9
148.95,1711,71.4F,7.9
149,1706,71.4F,7.9
149.05,1702,71.4F,7.9
149.1,1697,71.4F,7.9
149.15,1693,71.4F,7.9
149.2,1689,71.3F,7.9
149.25,1687,71.4F,7.9
149.3,1683,71.4F,7.9
149.35,1682,71.3F,7.9
149.4,1681,71.3F,7.9
149.45,1676,71.4F,7.9
149.5,1674,71.3F,7.9
149.55,1673,71.3F,7.9
149.6,1670,71.3F,7.9
149.65,1668,71.3F,7.9
149.7,1666,71.3F,7.9
149.75,1663,71.3F,7.9
149.8,1662,71.3F,7.9
149.85,1661,71.3F,7.9
149.9,1659,71.3F,7.9
149.95,1656,71.3F,7.9
150,1654,71.3F,7.9
150.05,1654,71.3F,7.9
150.1,1653,71.3F,7.9
150.15,1653,71.3F,7.9
150.2,1650,71.3F,7.9
150.25,1647,71.3F,7.9
150.3,1648,71.3F,7.9
150.35,1647,71.3F,7.9
150.4,1648,71.3F,7.9
150.45,1647,71.3F,7.9
150.5,1646,71.3F,7.9
150.55,1642,71.3F,7.9
150.6,1640,71.3F,7.9
150.65,1635,71.3F,7.9
150.7,1631,71.3F,7.9
150.75,1629,71.3F,7.9
150.8,1629,71.3F,7.9
150.85,1626,71.3F,7.9
150.9,1621,71.3F,7.9
150.95,1618,71.3F,7.9
151,1616,71.3F,7.9
151.05,1614,71.3F,7.9
151.1,1610,71.3F,7.9
151.15,1611,71.3F,7.9
151.2,1610,71.3F,7.9
151.25,1606,71.3F,7.9
151.3,1605,71.3F,7.9
151.35,1600,71.3F,7.9
151.4,1598,71.3F,7.9
151.45,1596,71.3F,7.9
151.5,1596,71.3F,7.9
151.55,1596,71.3F,7.9
151.6,1594,71.3F,7.9
151.65,1588,71.3F,7.9
151.7,1585,71.3F,7.9
151.75,1582,71.3F,7.9
151.8,1580,71.3F,7.9
151.85,1576,71.3F,7.9
151.9,1575,71.3F,7.9
151.95,1574,71.3F,7.9
152,1571,71.3F,7.9
152.05,1570,71.3F,7.9
152.1,1569,71.3F,7.9
152.15,1565,71.3F,7.9
152.2,1564,71.3F,7.9
152.25,1562,71.3F,7.9
152.3,1561,71.3F,7.9
152.35,1557,71.3F,7.9
152.4,1556,71.3F,7.9
152.45,1556,71.3F,7.9
152.5,1552,71.3F,7.9
152.55,1551,71.3F,7.9
152.6,1549,71.2F,7.9
152.65,1551,71.2F,7.9
152.7,1544,71.2F,7.9
152.75,1543,71.3F,7.9
152.8,1540,71.2F,7.9
152.85,1538,71.2F,7.9
152.9,1536,71.2F,7.9
152.95,1535,71.2F,7.9
153,1534,71.2F,7.9
153.05,1529,71.2F,7.9
153.1,1525,71.2F,7.9
153.15,1524,71.2F,7.9
153.2,1520,71.2F,7.9
153.25,1516,71.2F,7.9
153.3,1513,71.2F,7.9
153.35,1511,71.2F,7.9
153.4,1509,71.2F,7.9
153.45,1507,71.2F,7.9
153.5,1505,71.2F,7.9
153.55,1501,71.2F,7.9
153.6,1500,71.2F,7.9
153.65,1499,71.2F,7.9
153.7,1495,71.2F,7.9
153.75,1494,71.2F,7.9
153.8,1491,71.2F,7.9
153.85,1490,71.2F,7.9
153.9,1486,71.2F,7.9
153.95,1483,71.2F,7.9
154,1481,71.2F,7.9
154.05,1479,71.2F,7.9
154.1,1479,71.2F,7.9
154.15,1477,71.2F,7.9
154.2,1475,71.2F,7.9
154.25,1473,71.2F,7.9
154.3,1471,71.2F,7.9
154.35,1469,71.2F,7.9
154.4,1468,71.2F,7.9
154.45,1468,71.2F,7.9
154.5,1468,71.2F,7.9
154.55,1469,71.2F,7.9
154.6,1466,71.2F,7.9
154.65,1467,71.2F,7.9
154.7,1463,71.2F,7.9
154.75,1461,71.2F,7.9
154.8,1456,71.2F,7.9
154.85,1453,71.2F,7.9
154.9,1456,71.2F,7.9
154.95,1450,71.2F,7.9
155,1452,71.2F,7.9
155.05,1451,71.2F,7.9
155.1,1446,71.2F,7.9
155.15,1446,71.2F,7.9
155.2,1442,71.2F,7.9
155.25,1442,71.2F,7.9
155.3,1437,71.2F,7.9
155.35,1438,71.2F,7.9
155.4,1436,71.2F,7.9
155.45,1436,71.2F,7.9
155.5,1430,71.2F,7.9
155.55,1423,71.2F,7.9
155.6,1419,71.2F,7.9
155.65,1417,71.2F,7.9
155.7,1417,71.2F,7.9
155.75,1414,71.2F,7.9
155.8,1415,71.2F,7.9
155.85,1414,71.2F,7.9
155.9,1411,71.2F,7.9
155.95,1407,71.2F,7.9
156,1406,71.2F,7.9
156.05,1404,71.2F,7.9
156.1,1399,71.2F,7.9
156.15,1393,71.2F,7.9
156.2,1389,71.2F,7.9
156.25,1387,71.2F,7.9
156.3,1382,71.2F,7.9
156.35,1380,71.2F,7.9
156.4,1377,71.2F,7.9
156.45,1376,71.2F,7.9
156.5,1377,71.2F,7.9
156.55,1370,71.2F,7.9
156.6,1369,71.2F,7.9
156.65,1366,71.2F,7.9
156.7,1365,71.2F,7.9
156.75,1359,71.2F,7.9
156.8,1356,71.2F,7.9
156.85,1355,71.2F,7.9
156.9,1354,71.2F,7.9
156.95,1349,71.2F,7.9
157,1349,71.2F,7.9
157.05,1346,71.2F,7.9
157.1,1344,71.2F,7.9
157.15,1342,71.2F,7.9
157.2,1340,71.2F,7.9
157.25,1338,71.2F,7.9
157.3,1337,71.2F,7.9
157.35,1335,71.2F,7.9
157.4,1333,71.2F,7.9
157.45,1332,71.2F,7.9
157.5,1330,71.2F,7.9
157.55,1324,71.2F,7.9
157.6,1323,71.1F,7.9
157.65,1320,71.1F,7.9
157.7,1317,71.1F,7.9
157.75,1313,71.1F,7.9
157.8,1312,71.2F,7.9
157.85,1311,71.1F,7.9
157.9,1308,71.2F,7.9
157.95,1307,71.1F,7.9
158,1302,71.1F,7.9
158.05,1300,71.2F,7.9
158.1,1299,71.1F,7.9
158.15,1297,71.1F,7.9
158.2,1295,71.1F,7.9
158.25,1293,71.1F,7.9
158.3,1292,71.1F,7.9
158.35,1288,71.1F,7.9
158.4,1287,71.1F,7.9
158.45,1285,71.1F,7.9
158.5,1282,71.1F,7.9
158.55,1279,71.1F,7.9
158.6,1276,71.1F,7.9
158.65,1272,71.1F,7.9
158.7,1271,71.1F,7.9
158.75,1268,71.1F,7.9
158.8,1265,71.1F,7.9
158.85,1265,71.1F,7.9
158.9,1261,71.1F,7.9
158.95,1258,71.1F,7.9
159,1257,71.1F,7.9
159.05,1254,71.1F,7.9
159.1,1252,71.1F,7.9
159.15,1251,71.1F,7.9
159.2,1248,71.1F,7.9
159.25,1245,71.1F,7.9
159.3,1243,71.1F,7.9
159.35,1240,71.1F,7.9
159.4,1238,71.1F,7.9
159.45,1237,71.1F,7.9
159.5,1235,71.1F,7.9
159.55,1231,71.1F,7.9
159.6,1229,71.1F,7.9
159.65,1228,71.1F,7.9
159.7,1225,71.1F,7.9
159.75,1224,71.1F,7.9
159.8,1222,71.1F,7.9
159.85,1221,71.1F,7.9
159.9,1220,71.1F,7.9
159.95,1217,71.1F,7.9
160,1216,71.1F,7.9
160.05,1214,71.1F,7.9
160.1,1213,71.1F,7.9
160.15,1211,71.1F,7.9
160.2,1211,71.1F,7.9
160.25,1209,71.1F,7.9
160.3,1207,71.1F,7.9
160.35,1205,71.1F,7.9
160.4,1203,71.1F,7.9
160.45,1199,71.1F,7.9
160.5,1197,71.1F,7.9
160.55,1194,71.1F,7.9
160.6,1187,71.1F,7.9
160.65,1185,71.1F,7.9
160.7,1183,71.1F,7.9
160.75,1183,71.1F,7.9
160.8,1184,71.1F,7.9
160.85,1181,71.1F,7.9
160.9,1174,71.1F,7.9
160.95,1171,71.1F,7.9
161,1170,71.1F,7.9
161.05,1167,71.1F,7.9
161.1,1162,71.1F,7.9
161.15,1162,71.1F,7.9
161.2,1157,71.1F,7.9
161.25,1155,71.1F,7.9
161.3,1152,71.1F,7.9
161.35,1150,71.1F,7.9
161.4,1149,71.1F,7.9
161.45,1145,71.1F,7.9
161.5,1144,71.1F,7.9
161.55,1141,71.1F,7.9
161.6,1140,71.1F,7.9
161.65,1136,71.1F,7.9
161.7,1137,71.1F,7.9
161.75,1134,71.1F,7.9
161.8,1133,71.0F,7.9
161.85,1132,71.1F,7.9
161.9,1130,71.1F,7.9
161.95,1130,71.0F,7.9
162,1128,71.0F,7.9
162.05,1125,71.0F,7.9
162.1,1125,71.0F,7.9
162.15,1125,71.0F,7.9
162.2,1126,71.1F,7.9
162.25,1123,71.1F,7.9
162.3,1117,71.1F,7.9
162.35,1122,71.0F,7.9
162.4,1115,71.1F,7.9
162.45,1116,71.0F,7.9
162.5,1113,71.0F,7.9
162.55,1109,71.0F,7.9
162.6,1106,71.0F,7.9
162.65,1106,71.0F,7.9
162.7,1101,71.0F,7.9
162.75,1100,71.0F,7.9
162.8,1099,71.0F,7.9
162.85,1099,71.0F,7.9
162.9,1094,71.0F,7.9
162.95,1090,71.0F,7.9
163,1089,71.0F,7.9
163.05,1082,71.0F,7.9
163.1,1085,71.0F,7.9
163.15,1086,71.0F,7.9
163.2,1082,71.0F,7.9
163.25,1076,71.0F,7.9
163.3,1076,71.0F,7.9
163.35,1073,71.0F,7.9
163.4,1070,71.0F,7.9
163.45,1066,71.0F,7.9
163.5,1064,71.0F,7.9
163.55,1059,71.0F,7.9
163.6,1053,71.0F,7.9
163.65,1052,71.0F,7.9
163.7,1051,71.0F,7.9
163.75,1051,71.0F,7.9
163.8,1049,71.0F,7.9
163.85,1046,71.0F,7.9
163.9,1045,71.0F,7.9
163.95,1044,71.0F,7.9
164,1041,71.0F,7.9
164.05,1041,71.0F,7.9
164.1,1036,71.0F,7.9
164.15,1033,71.0F,7.9
164.2,1029,71.0F,7.9
164.25,1028,71.0F,7.9
164.3,1025,71.0F,7.9
164.35,1024,71.0F,7.9
164.4,1021,71.0F,7.9
164.45,1020,71.0F,7.9
164.5,1018,71.0F,7.9
164.55,1016,71.0F,7.9
164.6,1014,71.0F,7.9
164.65,1011,71.0F,7.9
164.7,1012,71.0F,7.9
164.75,1008,71.0F,7.9
164.8,1008,71.0F,7.9
164.85,1006,71.0F,7.9
164.9,1006,71.0F,7.9
164.95,1005,71.0F,7.9
165,1003,71.0F,7.9
165.05,1005,71.0F,7.9
165.1,1003,71.0F,7.9
165.15,1003,71.0F,7.9
165.2,1000,71.0F,7.9
165.25,1000,71.0F,7.9
165.3,998,71.0F,7.9
165.35,998,71.0F,7.9
165.4,997,71.0F,7.9
165.45,996,71.0F,7.9
165.5,992,71.0F,7.9
165.55,990,71.0F,7.9
165.6,986,71.0F,7.9
165.65,985,71.0F,7.9
165.7,979,71.0F,7.9
165.75,975,71.0F,7.9
165.8,970,71.0F,7.9
165.85,966,71.0F,7.9
165.9,965,70.9F,7.9
165.95,961,71.0F,7.9
166,959,70.9F,7.9
166.05,957,70.9F,7.9
166.1,956,70.9F,7.9
166.15,957,70.9F,7.9
166.2,958,70.9F,7.9
166.25,959,70.9F,7.9
166.3,956,70.9F,7.9
166.35,954,70.9F,7.9
166.4,955,70.9F,7.9
166.45,952,70.9F,7.9
166.5,947,70.9F,7.9
166.55,946,70.9F,7.9
166.6,941,70.9F,7.9
166.65,936,70.9F,7.9
166.7,931,70.9F,7.9
166.75,928,70.9F,7.9
166.8,928,70.9F,7.9
166.85,926,70.9F,7.9
166.9,923,70.9F,7.9
166.95,920,70.9F,7.9
167,919,70.9F,7.9
167.05,917,70.9F,7.9
167.1,916,70.9F,7.9
167.15,913,70.9F,7.9
167.2,910,70.9F,7.9
167.25,908,70.9F,7.9
167.3,905,70.9F,7.9
167.35,903,70.9F,7.9
167.4,902,70.9F,7.9
167.45,901,70.9F,7.9
167.5,898,70.9F,7.9
167.55,895,70.9F,7.9
167.6,894,70.9F,7.9
167.65,893,70.9F,7.9
167.7,891,70.9F,7.9
167.75,888,70.9F,7.9
167.8,889,70.9F,7.9
167.85,885,70.9F,7.9
167.9,883,70.9F,7.9
167.95,882,70.9F,7.9
168,879,70.9F,7.9
168.05,878,70.9F,7.9
168.1,877,70.9F,7.9
168.15,875,70.9F,7.9
168.2,876,70.9F,7.9
168.25,876,70.9F,7.9
168.3,874,70.9F,7.9
168.35,872,70.9F,7.9
168.4,867,70.9F,7.9
168.45,866,70.9F,7.9
168.5,862,70.9F,7.9
168.55,862,70.9F,7.9
168.6,861,70.9F,7.9
168.65,860,70.9F,7.9
168.7,858,70.9F,7.9
168.75,858,70.9F,7.9
168.8,856,70.9F,7.9
168.85,852,70.9F,7.9
168.9,852,70.9F,7.9
168.95,851,70.8F,7.9
169,849,70.8F,7.9
169.05,845,70.9F,7.9
169.1,839,70.9F,7.9
169.15,833,70.8F,7.9
169.2,830,70.8F,7.9
169.25,826,70.9F,7.9
169.3,830,70.8F,7.9
169.35,827,70.8F,7.9
169.4,825,70.8F,7.9
169.45,820,70.8F,7.9
169.5,816,70.8F,7.9
169.55,814,70.8F,7.9
169.6,812,70.8F,7.9
169.65,806,70.8F,7.9
169.7,806,70.8F,7.9
169.75,803,70.8F,7.9
169.8,800,70.8F,7.9
169.85,797,70.8F,7.9
169.9,796,70.8F,7.9
169.95,794,70.8F,7.9
170,792,70.8F,7.9
170.05,791,70.8F,7.9
170.1,791,70.8F,7.9
170.15,791,70.8F,7.9
170.2,787,70.8F,7.9
170.25,785,70.8F,7.9
170.3,782,70.8F,7.9
170.35,780,70.8F,7.9
170.4,776,70.8F,7.9
170.45,774,70.8F,7.9
170.5,771,70.8F,7.9
170.55,768,70.8F,7.9
170.6,767,70.8F,7.9
170.65,764,70.8F,7.9
170.7,762,70.8F,7.9
170.75,759,70.8F,7.9
170.8,755,70.8F,7.9
170.85,753,70.8F,7.9
170.9,751,70.8F,7.9
170.95,748,70.8F,7.9
171,747,70.8F,7.9
171.05,746,70.8F,7.9
171.1,743,70.8F,7.9
171.15,743,70.8F,7.9
171.2,740,70.8F,7.9
171.25,739,70.8F,7.9
171.3,735,70.8F,7.9
171.35,732,70.8F,7.9
171.4,732,70.8F,7.9
171.45,729,70.8F,7.9
171.5,725,70.8F,7.9
171.55,723,70.8F,7.9
171.6,722,70.8F,7.9
171.65,719,70.8F,7.9
171.7,717,70.8F,7.9
171.75,714,70.8F,7.9
171.8,714,70.8F,7.9
171.85,711,70.8F,7.9
171.9,710,70.8F,7.9
171.95,706,70.8F,7.9
172,704,70.8F,7.9
172.05,700,70.8F,7.9
172.1,697,70.8F,7.9
172.15,696,70.8F,7.9
172.2,693,70.8F,7.9
172.25,691,70.8F,7.9
172.3,688,70.8F,7.9
172.35,686,70.8F,7.9
172.4,684,70.8F,7.9
172.45,681,70.8F,7.9
172.5,679,70.8F,7.9
172.55,677,70.8F,7.9
172.6,676,70.8F,7.9
172.65,674,70.8F,7.9
172.7,671,70.8F,7.9
172.75,668,70.8F,7.9
172.8,668,70.8F,7.9
172.85,666,70.8F,7.9
172.9,666,70.8F,7.9
172.95,664,70.8F,7.9
173,663,70.8F,7.9
173.05,661,70.8F,7.9
173.1,659,70.8F,7.9
173.15,662,70.8F,7.9
173.2,659,70.8F,7.9
173.25,656,70.8F,7.9
173.3,654,70.8F,7.9
173.35,650,70.8F,7.9
173.4,645,70.8F,7.9
173.45,641,70.8F,7.9
173.5,635,70.8F,7.9
173.55,633,70.8F,7.9
173.6,630,70.8F,7.9
173.65,627,70.8F,7.9
173.7,625,70.8F,7.9
173.75,622,70.8F,7.9
173.8,620,70.8F,7.9
173.85,619,70.8F,7.9
173.9,617,70.8F,7.9
173.95,614,70.8F,7.9
174,612,70.8F,7.9
174.05,612,70.8F,7.9
174.1,608,70.8F,7.9
174.15,605,70.8F,7.9
174.2,604,70.8F,7.9
174.25,603,70.8F,7.9
174.3,599,70.8F,7.9
174.35,597,70.8F,7.9
174.4,597,70.8F,7.9
174.45,597,70.8F,7.9
174.5,596,70.8F,7.9
174.55,593,70.8F,7.9
174.6,592,70.8F,7.9
174.65,590,70.8F,7.9
174.7,587,70.8F,7.9
174.75,587,70.8F,7.9
174.8,583,70.8F,7.9
174.85,583,70.8F,7.9
174.9,583,70.8F,7.9
174.95,579,70.8F,7.9
175,578,70.8F,7.9
175.05,575,70.8F,7.9
175.1,575,70.8F,7.9
175.15,567,70.8F,7.9
175.2,566,70.8F,7.9
175.25,567,70.8F,7.9
175.3,563,70.8F,7.9
175.35,557,70.8F,7.9
175.4,554,70.8F,7.9
175.45,548,70.8F,7.9
175.5,546,70.8F,7.9
175.55,542,70.8F,7.9
175.6,543,70.8F,7.9
175.65,540,70.8F,7.9
175.7,539,70.8F,7.9
175.75,536,70.7F,7.9
175.8,535,70.8F,7.9
175.85,532,70.7F,7.9
175.9,530,70.8F,7.9
175.95,528,70.7F,7.9
176,524,70.7F,7.9
176.05,523,70.7F,7.9
176.1,522,70.7F,7.9
176.15,520,70.7F,7.9
176.2,516,70.7F,7.9
176.25,515,70.7F,7.9
176.3,513,70.7F,7.9
176.35,511,70.7F,7.9
176.4,508,70.7F,7.9
176.45,508,70.7F,7.9
176.5,506,70.7F,7.9
176.55,502,70.7F,7.9
176.6,502,70.7F,7.9
176.65,497,70.7F,7.9
176.7,493,70.7F,7.9
176.75,489,70.7F,7.9
176.8,487,70.7F,7.9
176.85,485,70.7F,7.9
176.9,483,70.7F,7.9
176.95,481,70.7F,7.9
177,480,70.7F,7.9
177.05,478,70.7F,7.9
177.1,476,70.7F,7.9
177.15,473,70.7F,7.9
177.2,472,70.7F,7.9
177.25,469,70.7F,7.9
177.3,468,70.7F,7.9
177.35,465,70.7F,7.9
177.4,467,70.7F,7.9
177.45,464,70.7F,7.9
177.5,465,70.7F,7.9
177.55,460,70.7F,7.9
177.6,451,70.7F,7.9
177.65,449,70.7F,7.9
177.7,445,70.7F,7.9
177.75,443,70.7F,7.9
177.8,441,70.7F,7.9
177.85,439,70.7F,7.9
177.9,437,70.7F,7.9
177.95,435,70.7F,7.9
178,434,70.7F,7.9
178.05,430,70.7F,7.9
178.1,427,70.7F,7.9
178.15,424,70.7F,7.9
178.2,422,70.7F,7.9
178.25,420,70.7F,7.9
178.3,418,70.7F,7.9
178.35,416,70.7F,7.9
178.4,413,70.7F,7.9
178.45,411,70.7F,7.9
178.5,409,70.7F,7.9
178.55,407,70.7F,7.9
178.6,406,70.7F,7.9
178.65,405,70.7F,7.9
178.7,403,70.7F,7.9
178.75,402,70.7F,7.9
178.8,398,70.7F,7.9
178.85,397,70.7F,7.9
178.9,394,70.7F,7.9
178.95,392,70.7F,7.9
179,391,70.7F,7.9
179.05,390,70.7F,7.9
179.1,387,70.7F,7.9
179.15,384,70.7F,7.9
179.2,382,70.7F,7.9
179.25,382,70.7F,7.9
179.3,381,70.7F,7.9
179.35,378,70.7F,7.9
179.4,374,70.7F,7.9
179.45,371,70.7F,7.9
179.5,367,70.7F,7.9
179.55,365,70.7F,7.9
179.6,363,70.7F,7.9
179.65,360,70.7F,7.9
179.7,356,70.7F,7.9
179.75,353,70.7F,7.9
179.8,351,70.6F,7.9
179.85,348,70.7F,7.9
179.9,345,70.7F,7.9
179.95,344,70.7F,7.9
180,341,70.7F,7.9
180.05,337,70.7F,7.9
180.1,336,70.7F,7.9
180.15,333,70.7F,7.9
180.2,332,70.6F,7.9
180.25,329,70.7F,7.9
180.3,327,70.7F,7.9
180.35,325,70.7F,7.9
180.4,322,70.7F,7.9
180.45,320,70.7F,7.9
180.5,317,70.7F,7.9
180.55,315,70.7F,7.9
180.6,312,70.7F,7.9
180.65,310,70.6F,7.9
180.7,308,70.6F,7.9
180.75,306,70.6F,7.9
180.8,302,70.7F,7.9
180.85,301,70.7F,7.9
180.9,299,70.6F,7.9
180.95,298,70.7F,7.9
181,295,70.7F,7.9
181.05,295,70.6F,7.9
181.1,295,70.6F,7.9
181.15,294,70.7F,7.9
181.2,292,70.7F,7.9
181.25,292,70.6F,7.9
181.3,290,70.6F,7.9
181.35,288,70.6F,7.9
181.4,286,70.6F,7.9
181.45,281,70.6F,7.9
181.5,281,70.6F,7.9
181.55,275,70.6F,7.9
181.6,274,70.6F,7.9
181.65,268,70.6F,7.9
181.7,267,70.6F,7.9
181.75,264,70.6F,7.9
181.8,261,70.6F,7.9
181.85,259,70.6F,7.9
181.9,258,70.6F,7.9
181.95,255,70.6F,7.9
182,253,70.6F,7.9
182.05,249,70.6F,7.9
182.1,246,70.6F,7.9
182.15,245,70.6F,7.9
182.2,242,70.6F,7.9
182.25,239,70.6F,7.9
182.3,236,70.6F,7.9
182.35,235,70.6F,7.9
182.4,233,70.6F,7.9
182.45,232,70.6F,7.9
182.5,230,70.6F,7.9
182.55,228,70.6F,7.9
182.6,226,70.6F,7.9
182.65,227,70.6F,7.9
182.7,223,70.6F,7.9
182.75,219,70.6F,7.9
182.8,218,70.6F,7.9
182.85,216,70.6F,7.9
182.9,212,70.6F,7.9
182.95,210,70.6F,7.9
183,209,70.6F,7.9
183.05,207,70.6F,7.9
183.1,205,70.6F,7.9
183.15,204,70.6F,7.9
183.2,205,70.6F,7.9
183.25,202,70.6F,7.9
183.3,200,70.6F,7.9
183.35,200,70.6F,7.9
183.4,197,70.6F,7.9
183.45,199,70.6F,7.9
183.5,196,70.6F,7.9
183.55,195,70.6F,7.9
183.6,193,70.6F,7.9
183.65,191,70.6F,7.9
183.7,188,70.6F,7.9
183.75,180,70.6F,7.9
183.8,173,70.6F,7.9
183.85,172,70.6F,7.9
183.9,176,70.6F,7.9
183.95,174,70.6F,7.9
184,173,70.6F,7.9
184.05,171,70.6F,7.9
184.1,171,70.6F,7.9
184.15,169,70.6F,7.9
184.2,165,70.6F,7.9
184.25,164,70.6F,7.9
184.3,161,70.6F,7.9
184.35,159,70.6F,7.9
184.4,157,70.6F,7.9
184.45,151,70.6F,7.9
184.5,144,70.6F,7.9
184.55,139,70.6F,7.9
184.6,138,70.6F,7.9
184.65,137,70.6F,7.9
184.7,134,70.6F,7.9
184.75,131,70.6F,7.9
184.8,128,70.6F,7.9
184.85,125,70.6F,7.9
184.9,122,70.6F,7.9
184.95,120,70.6F,7.9
185,118,70.6F,7.9
185.05,116,70.6F,7.9
185.1,113,70.6F,7.9
185.15,111,70.6F,7.9
185.2,109,70.6F,7.9
185.25,109,70.6F,7.9
185.3,106,70.6F,7.9
185.35,106,70.6F,7.9
185.4,104,70.6F,7.9
185.45,103,70.6F,7.9
185.5,103,70.6F,7.9
185.55,103,70.6F,7.9
185.6,105,70.6F,7.9
185.65,103,70.6F,7.9
185.7,103,70.5F,7.9
185.75,102,70.5F,7.9
185.8,97,70.6F,7.9
185.85,98,70.6F,7.9
185.9,93,70.6F,7.9
185.95,93,70.5F,7.9
186,86,70.6F,7.9
186.05,85,70.5F,7.9
186.1,83,70.5F,7.9
186.15,80,70.5F,7.9
186.2,78,70.5F,7.9
186.25,78,70.5F,7.9
186.3,72,70.5F,7.9
186.35,71,70.5F,7.9
186.4,68,70.5F,7.9
186.45,63,70.5F,7.9
186.5,59,70.5F,7.9
186.55,56,70.5F,7.9
186.6,50,70.5F,7.9
186.65,50,70.5F,7.9
186.7,47,70.5F,7.9
186.75,45,70.5F,7.9
186.8,40,70.5F,7.9
186.85,40,70.5F,7.9
186.9,37,70.5F,7.9
186.95,34,70.5F,7.9
187,31,70.5F,7.9
187.05,29,70.5F,7.9
187.1,30,70.5F,7.9
187.15,31,70.5F,7.9
187.2,27,70.5F,7.9
187.25,24,70.5F,7.9
187.3,21,70.5F,7.9
187.35,23,70.5F,7.9
187.4,19,70.5F,7.9
187.45,20,70.5F,7.9
187.5,16,70.5F,7.9
187.55,14,70.5F,7.9
187.6,9,70.5F,7.9
187.65,5,70.5F,7.9
187.7,1,70.5F,7.9
187.75,-2,70.5F,7.9
187.8,-3,70.5F,7.9
187.85,-2,70.5F,7.9
187.9,-9,70.5F,7.9
187.95,-5,70.5F,7.9
188,-4,70.5F,7.9
188.05,-4,70.5F,7.9
188.1,-4,70.5F,7.9
188.15,-3,70.5F,7.9
188.2,-3,70.5F,7.9
188.25,-1,70.5F,7.9
188.3,-1,70.5F,7.9
188.35,0,70.5F,7.9
188.4,-1,70.5F,7.9
188.45,-2,70.5F,7.9
188.5,-2,70.5F,7.9
188.55,-2,70.5F,7.9
188.6,-3,70.5F,7.9
188.65,-3,70.5F,7.9
188.7,-3,70.5F,7.9
188.75,-3,70.5F,7.9
188.8,-3,70.5F,7.9
188.85,-2,70.5F,7.9
188.9,-2,70.5F,7.9
188.95,-4,70.5F,7.9
189,-4,70.5F,7.9
189.05,-3,70.5F,7.9
189.1,-2,70.5F,7.9
189.15,-3,70.5F,7.9
189.2,-4,70.5F,7.9
189.25,-3,70.5F,7.9
189.3,-3,70.5F,7.9
189.35,-3,70.5F,7.9
189.4,-3,70.5F,7.9
189.45,-4,70.5F,7.9
189.5,-4,70.5F,7.9
189.55,-3,70.5F,7.9
189.6,-4,70.5F,7.9
189.65,-3,70.5F,7.9
189.7,-3,70.5F,7.9
189.75,-3,70.5F,7.9
189.8,-4,70.5F,7.9
189.85,-3,70.5F,7.9
189.9,-3,70.5F,7.9
189.95,-3,70.5F,7.9
190,-3,70.5F,7.9
190.05,-3,70.5F,7.9
190.1,-4,70.5F,7.9
190.15,-3,70.5F,7.9
190.2,-4,70.5F,7.9
190.25,-3,70.4F,7.9
190.3,-4,70.4F,7.9
190.35,-4,70.5F,7.9
190.4,-5,70.5F,7.9
190.45,-4,70.5F,7.9
190.5,-4,70.5F,7.9
190.55,-4,70.5F,7.9
190.6,-4,70.5F,7.9
190.65,-3,70.4F,7.9
190.7,-3,70.4F,7.9
190.75,-5,70.5F,7.9
190.8,-2,70.4F,7.9
190.85,-2,70.4F,7.9
190.9,-5,70.5F,7.9
190.95,-3,70.4F,7.9
191,-4,70.4F,7.9
191.05,-3,70.4F,7.9
191.1,-3,70.4F,7.9
191.15,-3,70.4F,7.9
191.2,-2,70.4F,7.9
191.25,-3,70.4F,7.9
191.3,-3,70.5F,7.9
191.35,-3,70.4F,7.9
191.4,-3,70.4F,7.9
191.45,-4,70.5F,7.9
191.5,-3,70.4F,7.9
191.55,-3,70.4F,7.9
191.6,-3,70.5F,7.9
191.65,-3,70.4F,7.9
191.7,-4,70.4F,7.9
191.75,-2,70.4F,7.9
191.8,-3,70.4F,7.9
191.85,-3,70.4F,7.9
191.9,-4,70.4F,7.9
191.95,-3,70.4F,7.9
192,-4,70.5F,7.9
192.05,-3,70.4F,7.9
192.1,-3,70.4F,7.9
192.15,-3,70.4F,7.9
192.2,-4,70.4F,7.9
192.25,-3,70.4F,7.9
192.3,-4,70.4F,7.9
192.35,-2,70.4F,7.9
192.4,-3,70.4F,7.9
192.45,-4,70.4F,7.9
192.5,-3,70.4F,7.9
192.55,-3,70.4F,7.9
192.6,-3,70.4F,7.9
192.65,-4,70.4F,7.9
192.7,-3,70.4F,7.9
192.75,-3,70.4F,7.9
192.8,-3,70.4F,7.9
192.85,-3,70.4F,7.9
192.9,-3,70.4F,7.9
192.95,-3,70.4F,7.9
193,-4,70.4F,7.9
193.05,-3,70.4F,7.9
193.1,-3,70.4F,7.9
193.15,-3,70.4F,7.9
193.2,-3,70.4F,7.9
193.25,-2,70.4F,7.9
193.3,-3,70.4F,7.9
193.35,-3,70.4F,7.9
193.4,-3,70.4F,7.9
193.45,-4,70.4F,7.9
193.5,-5,70.4F,7.9
193.55,-4,70.4F,7.9
193.6,-3,70.4F,7.9
193.65,-4,70.4F,7.9
193.7,-4,70.4F,7.9
193.75,-3,70.4F,7.9
193.8,-3,70.4F,7.9
193.85,-3,70.4F,7.9
193.9,-2,70.4F,7.9
193.95,-4,70.4F,7.9
194,-3,70.4F,7.9
194.05,-4,70.4F,7.9
194.1,-3,70.4F,7.9
194.15,-4,70.4F,7.9
194.2,-4,70.4F,7.9
194.25,-3,70.4F,7.9
194.3,-3,70.4F,7.9
194.35,-3,70.4F,7.9
194.4,-3,70.4F,7.9
194.45,-5,70.4F,7.9
194.5,-3,70.4F,7.9
194.55,-3,70.4F,7.9
194.6,-3,70.4F,7.9
194.65,-3,70.4F,7.9
194.7,-4,70.4F,7.9
194.75,-4,70.4F,7.9
194.8,-3,70.4F,7.9
194.85,-3,70.4F,7.9
194.9,-3,70.4F,7.9
194.95,-5,70.4F,7.9
195,-3,70.4F,7.9
195.05,-3,70.4F,7.9
195.1,-4,70.4F,7.9
195.15,-3,70.4F,7.9
195.2,-4,70.4F,7.9
195.25,-4,70.4F,7.9
195.3,-4,70.4F,7.9
195.35,-4,70.4F,7.9
195.4,-3,70.4F,7.9
195.45,-3,70.4F,7.9
195.5,-4,70.4F,7.9
195.55,-4,70.4F,7.9
195.6,-3,70.4F,7.9
195.65,-3,70.4F,7.9
195.7,-2,70.4F,7.9
195.75,-3,70.4F,7.9
195.8,-3,70.4F,7.9
195.85,-4,70.4F,7.9
195.9,-4,70.4F,7.9
195.95,-4,70.4F,7.9
196,-3,70.4F,7.9
196.05,-3,70.4F,7.9
196.1,-3,70.4F,7.9
196.15,-3,70.4F,7.9
196.2,-2,70.4F,7.9
196.25,-4,70.4F,7.9
196.3,-2,70.4F,7.9
196.35,-3,70.4F,7.9